Brand_ID,CurrencyKey,UnitCost,SCD_EffectiveDate
ctoso0000273            ,7,5.1067,2012-01-01
ctoso0000274            ,7,5.1067,2012-01-01
ctoso0000275            ,7,5.7084,2012-01-01
ctoso0000276            ,7,8.4854,2012-01-01
ctoso0000277            ,7,8.4854,2012-01-01
ctoso0000278            ,7,8.4854,2012-01-01
ctoso0000279            ,7,8.4854,2012-01-01
ctoso0000280            ,7,23.5894,2012-01-01
ctoso0000281            ,7,23.5894,2012-01-01
ctoso0000282            ,7,23.5894,2012-01-01
ctoso0000283            ,7,23.5894,2012-01-01
ctoso0000284            ,7,27.5544,2012-01-01
ctoso0000285            ,7,27.5544,2012-01-01
ctoso0000286            ,7,27.5544,2012-01-01
ctoso0000287            ,7,27.5544,2012-01-01
ctoso0000309            ,7,76.4766,2012-01-01
ctoso0000310            ,7,76.4766,2012-01-01
ctoso0000311            ,7,76.4766,2012-01-01
ctoso0000312            ,7,76.4766,2012-01-01
wwim 0000001            ,7,58.9735,2012-01-01
wwim 0000002            ,7,58.9735,2012-01-01
wwim 0000003            ,7,58.9735,2012-01-01
wwim 0000004            ,7,70.9302,2012-01-01
wwim 0000005            ,7,70.9302,2012-01-01
wwim 0000006            ,7,70.9302,2012-01-01
wwim 0000007            ,7,70.9302,2012-01-01
ntrad0000001            ,7,10.1053,2012-01-01
ntrad0000002            ,7,10.1053,2012-01-01
ntrad0000003            ,7,10.1053,2012-01-01
ntrad0000004            ,7,10.1053,2012-01-01
ntrad0000005            ,7,17.0094,2012-01-01
ntrad0000006            ,7,17.0094,2012-01-01
ntrad0000007            ,7,17.0094,2012-01-01
ntrad0000008            ,7,17.0094,2012-01-01
ntrad0000010            ,7,13.4609,2012-01-01
ntrad0000011            ,7,13.4609,2012-01-01
ntrad0000012            ,7,13.4609,2012-01-01
ntrad0000013            ,7,14.3866,2012-01-01
ntrad0000014            ,7,14.3866,2012-01-01
ntrad0000015            ,7,14.3866,2012-01-01
ntrad0000016            ,7,14.3866,2012-01-01
ntrad0000017            ,7,14.3866,2012-01-01
wwim 0000021            ,7,26.5053,2012-01-01
wwim 0000022            ,7,26.5053,2012-01-01
wwim 0000023            ,7,26.5053,2012-01-01
wwim 0000024            ,7,26.5053,2012-01-01
wwim 0000025            ,7,26.5053,2012-01-01
advwk0000001            ,7,66.8572,2012-01-01
advwk0000002            ,7,66.8572,2012-01-01
advwk0000003            ,7,66.8572,2012-01-01
advwk0000004            ,7,47.1865,2012-01-01
advwk0000005            ,7,47.1865,2012-01-01
advwk0000006            ,7,47.1865,2012-01-01
advwk0000007            ,7,99.3255,2012-01-01
advwk0000008            ,7,99.3255,2012-01-01
advwk0000009            ,7,99.3255,2012-01-01
advwk0000010            ,7,56.3971,2012-01-01
advwk0000011            ,7,56.3971,2012-01-01
advwk0000012            ,7,56.3971,2012-01-01
advwk0000013            ,7,56.3971,2012-01-01
advwk0000014            ,7,78.6597,2012-01-01
advwk0000015            ,7,78.6597,2012-01-01
advwk0000016            ,7,78.6597,2012-01-01
advwk0000017            ,7,78.6597,2012-01-01
advwk0000018            ,7,124.1414,2012-01-01
advwk0000019            ,7,124.1414,2012-01-01
advwk0000020            ,7,124.1414,2012-01-01
advwk0000021            ,7,124.1414,2012-01-01
advwk0000038            ,7,166.715,2012-01-01
advwk0000039            ,7,166.715,2012-01-01
advwk0000040            ,7,166.715,2012-01-01
advwk0000041            ,7,166.715,2012-01-01
advwk0000050            ,7,300.2752,2012-01-01
svido0000048            ,7,27.1379,2012-01-01
svido0000049            ,7,45.7594,2012-01-01
svido0000050            ,7,42.211,2012-01-01
svido0000051            ,7,38.6703,2012-01-01
svido0000054            ,7,35.3533,2012-01-01
svido0000057            ,7,45.0189,2012-01-01
svido0000058            ,7,22.3783,2012-01-01
svido0000059            ,7,25.9576,2012-01-01
svido0000061            ,7,27.1379,2012-01-01
svido0000062            ,7,45.7594,2012-01-01
svido0000063            ,7,42.211,2012-01-01
svido0000064            ,7,38.6703,2012-01-01
svido0000067            ,7,35.3533,2012-01-01
svido0000070            ,7,45.0189,2012-01-01
svido0000071            ,7,22.3783,2012-01-01
svido0000072            ,7,25.9576,2012-01-01
litwr0000218            ,7,247.9588,2012-01-01
litwr0000219            ,7,117.5922,2012-01-01
litwr0000221            ,7,106.1446,2012-01-01
litwr0000222            ,7,117.9471,2012-01-01
litwr0000227            ,7,244.4181,2012-01-01
litwr0000231            ,7,201.8445,2012-01-01
litwr0000232            ,7,205.393,2012-01-01
litwr0000234            ,7,247.9588,2012-01-01
litwr0000235            ,7,117.5922,2012-01-01
litwr0000237            ,7,106.1446,2012-01-01
litwr0000238            ,7,117.9471,2012-01-01
litwr0000243            ,7,244.4181,2012-01-01
litwr0000247            ,7,201.8445,2012-01-01
litwr0000248            ,7,205.393,2012-01-01
litwr0000250            ,7,247.9588,2012-01-01
litwr0000251            ,7,117.5922,2012-01-01
litwr0000253            ,7,106.1446,2012-01-01
litwr0000254            ,7,117.9471,2012-01-01
litwr0000259            ,7,244.4181,2012-01-01
litwr0000263            ,7,201.8445,2012-01-01
litwr0000264            ,7,205.393,2012-01-01
ctoso0000318            ,7,117.5922,2012-01-01
ctoso0000319            ,7,129.3869,2012-01-01
ctoso0000320            ,7,227.2082,2012-01-01
ctoso0000321            ,7,160.8523,2012-01-01
ctoso0000322            ,7,152.1818,2012-01-01
ctoso0000324            ,7,129.3869,2012-01-01
ctoso0000326            ,7,141.5442,2012-01-01
ctoso0000327            ,7,78.2662,2012-01-01
ctoso0000329            ,7,188.777,2012-01-01
ctoso0000331            ,7,117.5922,2012-01-01
ctoso0000332            ,7,129.3869,2012-01-01
ctoso0000333            ,7,227.2082,2012-01-01
ctoso0000334            ,7,160.8523,2012-01-01
ctoso0000335            ,7,152.1818,2012-01-01
ctoso0000337            ,7,129.3869,2012-01-01
ctoso0000339            ,7,141.5442,2012-01-01
ctoso0000340            ,7,78.2662,2012-01-01
ctoso0000342            ,7,188.777,2012-01-01
ctoso0000344            ,7,117.5922,2012-01-01
ctoso0000345            ,7,129.3869,2012-01-01
ctoso0000346            ,7,227.2082,2012-01-01
ctoso0000347            ,7,160.8523,2012-01-01
ctoso0000348            ,7,152.1818,2012-01-01
ctoso0000350            ,7,129.3869,2012-01-01
ctoso0000352            ,7,141.5442,2012-01-01
ctoso0000353            ,7,78.2662,2012-01-01
ctoso0000355            ,7,188.777,2012-01-01
ctoso0000357            ,7,117.5922,2012-01-01
ctoso0000358            ,7,129.3869,2012-01-01
ctoso0000359            ,7,227.2082,2012-01-01
ctoso0000360            ,7,160.8523,2012-01-01
ctoso0000361            ,7,152.1818,2012-01-01
ctoso0000363            ,7,129.3869,2012-01-01
ctoso0000365            ,7,141.5442,2012-01-01
ctoso0000366            ,7,78.2662,2012-01-01
ctoso0000368            ,7,188.777,2012-01-01
svido0000001            ,7,177.368,2012-01-01
svido0000002            ,7,177.0132,2012-01-01
svido0000003            ,7,117.5922,2012-01-01
svido0000004            ,7,109.7239,2012-01-01
svido0000005            ,7,101.8634,2012-01-01
svido0000006            ,7,105.7898,2012-01-01
svido0000007            ,7,121.5264,2012-01-01
svido0000008            ,7,78.2662,2012-01-01
svido0000009            ,7,86.1268,2012-01-01
svido0000010            ,7,125.4605,2012-01-01
svido0000013            ,7,247.9588,2012-01-01
svido0000014            ,7,116.7128,2012-01-01
svido0000015            ,7,130.8989,2012-01-01
svido0000016            ,7,130.8989,2012-01-01
svido0000017            ,7,177.368,2012-01-01
svido0000018            ,7,177.0132,2012-01-01
svido0000019            ,7,117.5922,2012-01-01
svido0000020            ,7,109.7239,2012-01-01
svido0000021            ,7,101.8634,2012-01-01
svido0000022            ,7,105.7898,2012-01-01
svido0000023            ,7,121.5264,2012-01-01
svido0000024            ,7,78.2662,2012-01-01
svido0000025            ,7,86.1268,2012-01-01
svido0000026            ,7,125.4605,2012-01-01
svido0000029            ,7,247.9588,2012-01-01
svido0000030            ,7,116.7128,2012-01-01
svido0000031            ,7,130.8989,2012-01-01
svido0000032            ,7,130.8989,2012-01-01
svido0000033            ,7,177.368,2012-01-01
svido0000034            ,7,177.0132,2012-01-01
svido0000035            ,7,117.5922,2012-01-01
svido0000036            ,7,109.7239,2012-01-01
svido0000037            ,7,101.8634,2012-01-01
svido0000038            ,7,105.7898,2012-01-01
svido0000039            ,7,121.5264,2012-01-01
svido0000040            ,7,78.2662,2012-01-01
svido0000041            ,7,86.1268,2012-01-01
svido0000042            ,7,125.4605,2012-01-01
svido0000045            ,7,247.9588,2012-01-01
svido0000046            ,7,116.7128,2012-01-01
fabrk0000140            ,7,306.4387,2012-01-01
fabrk0000141            ,7,312.1316,2012-01-01
fabrk0000142            ,7,290.5324,2012-01-01
fabrk0000143            ,7,343.0339,2012-01-01
fabrk0000144            ,7,212.4898,2012-01-01
fabrk0000145            ,7,280.8822,2012-01-01
fabrk0000146            ,7,143.9432,2012-01-01
fabrk0000147            ,7,247.9588,2012-01-01
fabrk0000148            ,7,233.7728,2012-01-01
fabrk0000149            ,7,207.8769,2012-01-01
fabrk0000150            ,7,268.8946,2012-01-01
fabrk0000151            ,7,150.6236,2012-01-01
fabrk0000152            ,7,156.9182,2012-01-01
fabrk0000153            ,7,132.1408,2012-01-01
fabrk0000154            ,7,125.8539,2012-01-01
fabrk0000155            ,7,151.3718,2012-01-01
fabrk0000156            ,7,150.6081,2012-01-01
fabrk0000157            ,7,142.9558,2012-01-01
fabrk0000158            ,7,162.0789,2012-01-01
fabrk0000159            ,7,129.7803,2012-01-01
fabrk0000160            ,7,128.2067,2012-01-01
fabrk0000161            ,7,144.7301,2012-01-01
fabrk0000162            ,7,149.451,2012-01-01
fabrk0000163            ,7,152.984,2012-01-01
advwk0000051            ,7,331.9951,2012-01-01
advwk0000052            ,7,247.9588,2012-01-01
advwk0000053            ,7,150.6081,2012-01-01
advwk0000054            ,7,212.4898,2012-01-01
advwk0000055            ,7,268.8946,2012-01-01
advwk0000056            ,7,128.2067,2012-01-01
advwk0000057            ,7,331.9951,2012-01-01
advwk0000058            ,7,247.9588,2012-01-01
advwk0000059            ,7,150.6081,2012-01-01
advwk0000060            ,7,212.4898,2012-01-01
advwk0000061            ,7,268.8946,2012-01-01
advwk0000062            ,7,128.2067,2012-01-01
advwk0000063            ,7,331.9951,2012-01-01
advwk0000064            ,7,247.9588,2012-01-01
advwk0000065            ,7,150.6081,2012-01-01
advwk0000066            ,7,212.4898,2012-01-01
advwk0000067            ,7,268.8946,2012-01-01
advwk0000068            ,7,128.2067,2012-01-01
advwk0000069            ,7,331.9951,2012-01-01
advwk0000070            ,7,247.9588,2012-01-01
advwk0000071            ,7,150.6081,2012-01-01
advwk0000072            ,7,212.4898,2012-01-01
advwk0000073            ,7,268.8946,2012-01-01
advwk0000074            ,7,128.2067,2012-01-01
advwk0000075            ,7,331.9951,2012-01-01
advwk0000076            ,7,247.9588,2012-01-01
advwk0000077            ,7,150.6081,2012-01-01
advwk0000078            ,7,212.4898,2012-01-01
wwim 0000120            ,7,331.9951,2012-01-01
wwim 0000121            ,7,247.9588,2012-01-01
wwim 0000122            ,7,150.6081,2012-01-01
wwim 0000123            ,7,212.4898,2012-01-01
wwim 0000124            ,7,268.8946,2012-01-01
wwim 0000125            ,7,128.2067,2012-01-01
wwim 0000126            ,7,331.9951,2012-01-01
wwim 0000127            ,7,247.9588,2012-01-01
wwim 0000128            ,7,150.6081,2012-01-01
wwim 0000129            ,7,212.4898,2012-01-01
wwim 0000130            ,7,268.8946,2012-01-01
wwim 0000131            ,7,128.2067,2012-01-01
wwim 0000132            ,7,331.9951,2012-01-01
wwim 0000133            ,7,247.9588,2012-01-01
pware0000041            ,7,331.9951,2012-01-01
pware0000042            ,7,247.9588,2012-01-01
pware0000043            ,7,150.6081,2012-01-01
pware0000044            ,7,212.4898,2012-01-01
pware0000045            ,7,268.8946,2012-01-01
pware0000046            ,7,128.2067,2012-01-01
pware0000047            ,7,331.9951,2012-01-01
pware0000048            ,7,247.9588,2012-01-01
pware0000049            ,7,150.6081,2012-01-01
pware0000050            ,7,212.4898,2012-01-01
pware0000051            ,7,268.8946,2012-01-01
pware0000052            ,7,128.2067,2012-01-01
advwk0000081            ,7,106.1678,2012-01-01
advwk0000082            ,7,145.1235,2012-01-01
advwk0000083            ,7,196.599,2012-01-01
advwk0000084            ,7,166.3756,2012-01-01
advwk0000087            ,7,106.1678,2012-01-01
advwk0000088            ,7,145.1235,2012-01-01
advwk0000089            ,7,196.599,2012-01-01
advwk0000090            ,7,166.3756,2012-01-01
advwk0000093            ,7,106.1678,2012-01-01
advwk0000094            ,7,145.1235,2012-01-01
advwk0000095            ,7,196.599,2012-01-01
advwk0000098            ,7,106.1678,2012-01-01
advwk0000099            ,7,145.1235,2012-01-01
advwk0000100            ,7,196.599,2012-01-01
wwim 0000099            ,7,86.5048,2012-01-01
wwim 0000100            ,7,90.4158,2012-01-01
wwim 0000101            ,7,106.1446,2012-01-01
wwim 0000102            ,7,123.802,2012-01-01
wwim 0000105            ,7,86.5048,2012-01-01
wwim 0000106            ,7,90.4158,2012-01-01
wwim 0000107            ,7,106.1446,2012-01-01
wwim 0000108            ,7,123.802,2012-01-01
wwim 0000111            ,7,86.5048,2012-01-01
wwim 0000112            ,7,90.4158,2012-01-01
wwim 0000113            ,7,106.1446,2012-01-01
wwim 0000116            ,7,86.5048,2012-01-01
wwim 0000117            ,7,90.4158,2012-01-01
wwim 0000118            ,7,106.1446,2012-01-01
wwim 0000119            ,7,117.9471,2012-01-01
pware0000122            ,7,49.3079,2012-01-01
pware0000123            ,7,63.5016,2012-01-01
pware0000124            ,7,38.9326,2012-01-01
pware0000125            ,7,50.735,2012-01-01
pware0000126            ,7,38.9326,2012-01-01
pware0000127            ,7,27.1379,2012-01-01
pware0000128            ,7,23.2037,2012-01-01
pware0000129            ,7,19.2696,2012-01-01
pware0000136            ,7,49.3079,2012-01-01
pware0000137            ,7,63.5016,2012-01-01
pware0000138            ,7,38.9326,2012-01-01
pware0000139            ,7,50.735,2012-01-01
pware0000140            ,7,38.9326,2012-01-01
pware0000141            ,7,27.1379,2012-01-01
pware0000142            ,7,23.2037,2012-01-01
pware0000143            ,7,19.2696,2012-01-01
advwk0000102            ,7,222.1015,2012-01-01
advwk0000107            ,7,54.6691,2012-01-01
advwk0000108            ,7,63.5016,2012-01-01
advwk0000109            ,7,38.9326,2012-01-01
advwk0000110            ,7,50.735,2012-01-01
advwk0000111            ,7,38.9326,2012-01-01
advwk0000112            ,7,17.6342,2012-01-01
advwk0000113            ,7,23.2037,2012-01-01
advwk0000114            ,7,23.0031,2012-01-01
advwk0000116            ,7,222.1015,2012-01-01
advwk0000121            ,7,54.6691,2012-01-01
advwk0000122            ,7,63.5016,2012-01-01
advwk0000123            ,7,38.9326,2012-01-01
advwk0000124            ,7,50.735,2012-01-01
advwk0000125            ,7,38.9326,2012-01-01
advwk0000126            ,7,17.6342,2012-01-01
advwk0000127            ,7,23.2037,2012-01-01
advwk0000128            ,7,23.0031,2012-01-01
wwim 0000075            ,7,209.3194,2012-01-01
wwim 0000081            ,7,54.6691,2012-01-01
wwim 0000082            ,7,63.5016,2012-01-01
wwim 0000083            ,7,38.9326,2012-01-01
wwim 0000084            ,7,50.735,2012-01-01
wwim 0000085            ,7,38.9326,2012-01-01
wwim 0000086            ,7,209.3194,2012-01-01
wwim 0000092            ,7,54.6691,2012-01-01
wwim 0000093            ,7,63.5016,2012-01-01
wwim 0000094            ,7,38.9326,2012-01-01
wwim 0000095            ,7,50.735,2012-01-01
wwim 0000096            ,7,38.9326,2012-01-01
pware0000080            ,7,586.5571,2012-01-01
pware0000081            ,7,638.6961,2012-01-01
pware0000082            ,7,247.9588,2012-01-01
pware0000083            ,7,354.3812,2012-01-01
pware0000084            ,7,90.0609,2012-01-01
pware0000085            ,7,196.2442,2012-01-01
pware0000089            ,7,67.3972,2012-01-01
pware0000090            ,7,54.6691,2012-01-01
pware0000091            ,7,42.8667,2012-01-01
pware0000092            ,7,586.5571,2012-01-01
pware0000093            ,7,638.6961,2012-01-01
pware0000094            ,7,247.9588,2012-01-01
pware0000095            ,7,354.3812,2012-01-01
pware0000096            ,7,90.0609,2012-01-01
pware0000097            ,7,196.2442,2012-01-01
pware0000101            ,7,67.3972,2012-01-01
pware0000102            ,7,54.6691,2012-01-01
pware0000103            ,7,42.8667,2012-01-01
pware0000104            ,7,586.5571,2012-01-01
pware0000105            ,7,638.6961,2012-01-01
pware0000106            ,7,247.9588,2012-01-01
pware0000107            ,7,354.3812,2012-01-01
pware0000108            ,7,90.0609,2012-01-01
pware0000109            ,7,196.2442,2012-01-01
pware0000113            ,7,67.3972,2012-01-01
pware0000114            ,7,54.6691,2012-01-01
pware0000115            ,7,42.8667,2012-01-01
ctoso0000237            ,7,586.5571,2012-01-01
ctoso0000239            ,7,247.9588,2012-01-01
ctoso0000240            ,7,354.3812,2012-01-01
ctoso0000241            ,7,90.0609,2012-01-01
ctoso0000242            ,7,196.2442,2012-01-01
ctoso0000246            ,7,48.5596,2012-01-01
ctoso0000247            ,7,54.6691,2012-01-01
ctoso0000248            ,7,42.8667,2012-01-01
ctoso0000249            ,7,586.5571,2012-01-01
ctoso0000251            ,7,247.9588,2012-01-01
ctoso0000252            ,7,354.3812,2012-01-01
ctoso0000253            ,7,90.0609,2012-01-01
ctoso0000254            ,7,196.2442,2012-01-01
ctoso0000258            ,7,48.5596,2012-01-01
ctoso0000259            ,7,54.6691,2012-01-01
ctoso0000260            ,7,42.8667,2012-01-01
ctoso0000261            ,7,586.5571,2012-01-01
ctoso0000263            ,7,247.9588,2012-01-01
ctoso0000264            ,7,354.3812,2012-01-01
ctoso0000265            ,7,90.0609,2012-01-01
ctoso0000266            ,7,196.2442,2012-01-01
ctoso0000270            ,7,48.5596,2012-01-01
ctoso0000271            ,7,54.6691,2012-01-01
ctoso0000272            ,7,42.8667,2012-01-01
wwim 0000046            ,7,247.9588,2012-01-01
wwim 0000047            ,7,354.3812,2012-01-01
wwim 0000048            ,7,90.0609,2012-01-01
wwim 0000049            ,7,196.2442,2012-01-01
wwim 0000053            ,7,67.3972,2012-01-01
wwim 0000054            ,7,54.6691,2012-01-01
wwim 0000057            ,7,247.9588,2012-01-01
wwim 0000058            ,7,354.3812,2012-01-01
wwim 0000059            ,7,90.0609,2012-01-01
wwim 0000060            ,7,196.2442,2012-01-01
wwim 0000064            ,7,67.3972,2012-01-01
wwim 0000065            ,7,54.6691,2012-01-01
wwim 0000068            ,7,247.9588,2012-01-01
wwim 0000069            ,7,354.3812,2012-01-01
wwim 0000070            ,7,90.0609,2012-01-01
wwim 0000071            ,7,196.2442,2012-01-01
pware0000144            ,7,56.4048,2012-01-01
pware0000145            ,7,59.9532,2012-01-01
pware0000146            ,7,31.072,2012-01-01
pware0000148            ,7,55.9728,2012-01-01
pware0000150            ,7,31.072,2012-01-01
pware0000151            ,7,35.7852,2012-01-01
pware0000152            ,7,30.6786,2012-01-01
pware0000153            ,7,41.1465,2012-01-01
pware0000154            ,7,42.9207,2012-01-01
pware0000155            ,7,48.2434,2012-01-01
pware0000156            ,7,45.7594,2012-01-01
pware0000157            ,7,56.7596,2012-01-01
pware0000160            ,7,53.4195,2012-01-01
pware0000162            ,7,56.4048,2012-01-01
pware0000163            ,7,58.2716,2012-01-01
pware0000164            ,7,60.3158,2012-01-01
pware0000165            ,7,63.3859,2012-01-01
pware0000166            ,7,58.5261,2012-01-01
pware0000167            ,7,40.1128,2012-01-01
pware0000168            ,7,57.8241,2012-01-01
pware0000169            ,7,67.3972,2012-01-01
pware0000170            ,7,52.1466,2012-01-01
pware0000171            ,7,66.6875,2012-01-01
pware0000172            ,7,69.5263,2012-01-01
pware0000173            ,7,56.4048,2012-01-01
pware0000174            ,7,59.9532,2012-01-01
pware0000175            ,7,31.072,2012-01-01
pware0000177            ,7,55.9728,2012-01-01
pware0000179            ,7,31.072,2012-01-01
pware0000180            ,7,35.7852,2012-01-01
pware0000181            ,7,30.6786,2012-01-01
pware0000182            ,7,41.1465,2012-01-01
pware0000183            ,7,42.9207,2012-01-01
pware0000184            ,7,48.2434,2012-01-01
pware0000185            ,7,45.7594,2012-01-01
pware0000186            ,7,56.7596,2012-01-01
pware0000189            ,7,53.4195,2012-01-01
pware0000191            ,7,56.4048,2012-01-01
pware0000192            ,7,58.2716,2012-01-01
pware0000193            ,7,60.3158,2012-01-01
pware0000194            ,7,63.3859,2012-01-01
pware0000195            ,7,58.5261,2012-01-01
pware0000196            ,7,40.1128,2012-01-01
pware0000197            ,7,57.8241,2012-01-01
pware0000198            ,7,67.3972,2012-01-01
pware0000199            ,7,52.1466,2012-01-01
pware0000200            ,7,66.6875,2012-01-01
pware0000201            ,7,69.5263,2012-01-01
pware0000202            ,7,56.4048,2012-01-01
pware0000203            ,7,59.9532,2012-01-01
pware0000204            ,7,31.072,2012-01-01
pware0000206            ,7,55.9728,2012-01-01
pware0000208            ,7,31.072,2012-01-01
pware0000209            ,7,35.7852,2012-01-01
pware0000210            ,7,30.6786,2012-01-01
pware0000211            ,7,41.1465,2012-01-01
pware0000212            ,7,42.9207,2012-01-01
pware0000213            ,7,48.2434,2012-01-01
pware0000214            ,7,45.7594,2012-01-01
pware0000215            ,7,56.7596,2012-01-01
pware0000218            ,7,53.4195,2012-01-01
pware0000220            ,7,56.4048,2012-01-01
pware0000221            ,7,58.2716,2012-01-01
pware0000222            ,7,60.3158,2012-01-01
pware0000223            ,7,63.3859,2012-01-01
pware0000224            ,7,58.5261,2012-01-01
pware0000225            ,7,40.1128,2012-01-01
pware0000226            ,7,57.8241,2012-01-01
pware0000227            ,7,67.3972,2012-01-01
pware0000228            ,7,52.1466,2012-01-01
pware0000229            ,7,66.6875,2012-01-01
pware0000230            ,7,69.5263,2012-01-01
pware0000231            ,7,42.9207,2012-01-01
pware0000232            ,7,48.2434,2012-01-01
pware0000233            ,7,45.7594,2012-01-01
pware0000235            ,7,56.0499,2012-01-01
pware0000238            ,7,41.8562,2012-01-01
pware0000239            ,7,56.4048,2012-01-01
pware0000241            ,7,60.3158,2012-01-01
pware0000244            ,7,40.1128,2012-01-01
ctoso0000402            ,7,5.0912,2012-01-01
ctoso0000403            ,7,15.6903,2012-01-01
ctoso0000404            ,7,7.0737,2012-01-01
ctoso0000405            ,7,5.8549,2012-01-01
ctoso0000406            ,7,5.0912,2012-01-01
ctoso0000407            ,7,5.3072,2012-01-01
ctoso0000409            ,7,3.371,2012-01-01
ctoso0000410            ,7,4.5204,2012-01-01
ctoso0000411            ,7,3.7336,2012-01-01
ctoso0000412            ,7,4.0807,2012-01-01
ctoso0000413            ,7,11.7561,2012-01-01
ctoso0000414            ,7,10.0282,2012-01-01
ctoso0000415            ,7,10.6068,2012-01-01
ctoso0000416            ,7,9.8971,2012-01-01
ctoso0000418            ,7,4.6824,2012-01-01
ctoso0000420            ,7,6.6495,2012-01-01
ctoso0000422            ,7,8.4777,2012-01-01
ctoso0000425            ,7,7.8297,2012-01-01
ctoso0000426            ,7,6.0941,2012-01-01
ctoso0000430            ,7,6.2561,2012-01-01
ctoso0000431            ,7,4.6824,2012-01-01
ctoso0000436            ,7,5.4692,2012-01-01
ctoso0000437            ,7,5.0912,2012-01-01
ctoso0000438            ,7,15.6903,2012-01-01
ctoso0000439            ,7,7.0737,2012-01-01
ctoso0000440            ,7,5.8549,2012-01-01
ctoso0000441            ,7,5.0912,2012-01-01
ctoso0000442            ,7,5.3072,2012-01-01
ctoso0000444            ,7,3.371,2012-01-01
ctoso0000445            ,7,4.5204,2012-01-01
ctoso0000446            ,7,3.7336,2012-01-01
ctoso0000447            ,7,4.0807,2012-01-01
ctoso0000448            ,7,11.7561,2012-01-01
ctoso0000449            ,7,10.0282,2012-01-01
ctoso0000450            ,7,10.6068,2012-01-01
ctoso0000451            ,7,9.8971,2012-01-01
ctoso0000453            ,7,4.6824,2012-01-01
ctoso0000455            ,7,6.6495,2012-01-01
ctoso0000457            ,7,8.4777,2012-01-01
ctoso0000460            ,7,7.8297,2012-01-01
ctoso0000461            ,7,6.0941,2012-01-01
ctoso0000465            ,7,6.2561,2012-01-01
ctoso0000466            ,7,4.6824,2012-01-01
ctoso0000467            ,7,5.0912,2012-01-01
ctoso0000468            ,7,15.6903,2012-01-01
ctoso0000469            ,7,7.0737,2012-01-01
ctoso0000470            ,7,5.8549,2012-01-01
ctoso0000471            ,7,5.0912,2012-01-01
ctoso0000472            ,7,5.3072,2012-01-01
ctoso0000474            ,7,3.371,2012-01-01
ctoso0000475            ,7,4.5204,2012-01-01
ctoso0000476            ,7,3.7336,2012-01-01
ctoso0000477            ,7,4.0807,2012-01-01
ctoso0000478            ,7,11.7561,2012-01-01
ctoso0000479            ,7,10.0282,2012-01-01
ctoso0000480            ,7,10.6068,2012-01-01
ctoso0000481            ,7,9.8971,2012-01-01
ctoso0000483            ,7,4.6824,2012-01-01
ctoso0000485            ,7,6.6495,2012-01-01
ctoso0000487            ,7,8.4777,2012-01-01
ctoso0000490            ,7,7.8297,2012-01-01
ctoso0000491            ,7,6.0941,2012-01-01
ctoso0000495            ,7,6.2561,2012-01-01
ctoso0000496            ,7,4.6824,2012-01-01
ctoso0000501            ,7,10.5759,2012-01-01
ctoso0000502            ,7,10.5759,2012-01-01
ctoso0000503            ,7,10.5759,2012-01-01
ctoso0000504            ,7,10.5759,2012-01-01
ctoso0000505            ,7,6.1326,2012-01-01
ctoso0000507            ,7,6.1326,2012-01-01
ctoso0000508            ,7,6.1326,2012-01-01
ctoso0000513            ,7,45.7594,2012-01-01
ctoso0000514            ,7,45.7594,2012-01-01
ctoso0000515            ,7,45.7594,2012-01-01
ctoso0000516            ,7,45.7594,2012-01-01
ctoso0000522            ,7,18.0893,2012-01-01
ctoso0000523            ,7,18.0893,2012-01-01
ctoso0000524            ,7,18.0893,2012-01-01
ctoso0000528            ,7,24.8314,2012-01-01
ctoso0000529            ,7,8.2463,2012-01-01
ctoso0000530            ,7,8.2463,2012-01-01
ctoso0000531            ,7,8.2463,2012-01-01
ctoso0000532            ,7,8.2463,2012-01-01
ctoso0000538            ,7,5.1144,2012-01-01
ctoso0000539            ,7,5.1144,2012-01-01
ctoso0000540            ,7,5.1144,2012-01-01
ctoso0000541            ,7,5.1144,2012-01-01
ctoso0000546            ,7,19.663,2012-01-01
ctoso0000547            ,7,19.663,2012-01-01
ctoso0000548            ,7,19.663,2012-01-01
ctoso0000549            ,7,19.663,2012-01-01
svido0000077            ,7,16.4154,2012-01-01
svido0000078            ,7,16.4154,2012-01-01
svido0000079            ,7,16.4154,2012-01-01
svido0000080            ,7,16.4154,2012-01-01
svido0000081            ,7,17.3025,2012-01-01
svido0000082            ,7,17.3025,2012-01-01
svido0000083            ,7,17.3025,2012-01-01
svido0000084            ,7,17.3025,2012-01-01
svido0000085            ,7,29.884,2012-01-01
svido0000086            ,7,29.884,2012-01-01
svido0000087            ,7,29.884,2012-01-01
svido0000088            ,7,29.884,2012-01-01
svido0000089            ,7,40.1128,2012-01-01
svido0000090            ,7,40.1128,2012-01-01
svido0000091            ,7,40.1128,2012-01-01
svido0000092            ,7,40.1128,2012-01-01
svido0000101            ,7,0.3703,2012-01-01
svido0000102            ,7,0.3703,2012-01-01
svido0000103            ,7,0.3703,2012-01-01
svido0000104            ,7,0.3703,2012-01-01
svido0000109            ,7,13.3684,2012-01-01
svido0000110            ,7,13.3684,2012-01-01
svido0000111            ,7,13.3684,2012-01-01
svido0000112            ,7,13.3684,2012-01-01
svido0000113            ,7,21.6301,2012-01-01
svido0000114            ,7,21.6301,2012-01-01
svido0000115            ,7,21.6301,2012-01-01
svido0000116            ,7,28.025,2012-01-01
svido0000117            ,7,28.025,2012-01-01
svido0000118            ,7,28.025,2012-01-01
svido0000119            ,7,28.025,2012-01-01
svido0000123            ,7,16.5157,2012-01-01
svido0000124            ,7,16.5157,2012-01-01
svido0000125            ,7,16.5157,2012-01-01
adatm0000003            ,7,52.5015,2012-01-01
adatm0000004            ,7,58.5338,2012-01-01
adatm0000005            ,7,66.6875,2012-01-01
adatm0000006            ,7,68.4926,2012-01-01
adatm0000008            ,7,110.5108,2012-01-01
adatm0000009            ,7,65.4456,2012-01-01
adatm0000010            ,7,66.865,2012-01-01
adatm0000011            ,7,66.3018,2012-01-01
adatm0000012            ,7,69.8503,2012-01-01
adatm0000013            ,7,70.236,2012-01-01
adatm0000014            ,7,59.0352,2012-01-01
adatm0000015            ,7,45.7594,2012-01-01
adatm0000017            ,7,52.5015,2012-01-01
adatm0000019            ,7,66.6875,2012-01-01
adatm0000021            ,7,74.1161,2012-01-01
adatm0000024            ,7,66.865,2012-01-01
adatm0000025            ,7,66.3018,2012-01-01
adatm0000027            ,7,70.236,2012-01-01
adatm0000028            ,7,59.0352,2012-01-01
adatm0000029            ,7,45.7594,2012-01-01
adatm0000030            ,7,51.113,2012-01-01
adatm0000031            ,7,52.5015,2012-01-01
adatm0000032            ,7,58.5338,2012-01-01
adatm0000033            ,7,66.6875,2012-01-01
adatm0000034            ,7,68.4926,2012-01-01
adatm0000035            ,7,74.1161,2012-01-01
adatm0000036            ,7,110.5108,2012-01-01
adatm0000037            ,7,65.4456,2012-01-01
adatm0000038            ,7,66.865,2012-01-01
adatm0000039            ,7,66.3018,2012-01-01
adatm0000041            ,7,70.236,2012-01-01
adatm0000042            ,7,59.0352,2012-01-01
adatm0000043            ,7,45.7594,2012-01-01
adatm0000044            ,7,51.113,2012-01-01
adatm0000045            ,7,52.5015,2012-01-01
adatm0000046            ,7,58.5338,2012-01-01
adatm0000047            ,7,66.6875,2012-01-01
adatm0000048            ,7,68.4926,2012-01-01
adatm0000050            ,7,110.5108,2012-01-01
adatm0000052            ,7,66.865,2012-01-01
adatm0000054            ,7,69.8503,2012-01-01
adatm0000057            ,7,45.7594,2012-01-01
adatm0000058            ,7,51.113,2012-01-01
adatm0000060            ,7,58.5338,2012-01-01
adatm0000061            ,7,66.6875,2012-01-01
adatm0000062            ,7,68.4926,2012-01-01
adatm0000063            ,7,74.1161,2012-01-01
adatm0000064            ,7,110.5108,2012-01-01
adatm0000065            ,7,65.4456,2012-01-01
adatm0000066            ,7,66.865,2012-01-01
adatm0000067            ,7,66.3018,2012-01-01
adatm0000068            ,7,69.8503,2012-01-01
adatm0000069            ,7,70.236,2012-01-01
adatm0000070            ,7,59.0352,2012-01-01
adatm0000071            ,7,45.7594,2012-01-01
adatm0000072            ,7,51.113,2012-01-01
adatm0000074            ,7,58.5338,2012-01-01
adatm0000075            ,7,66.6875,2012-01-01
adatm0000076            ,7,68.4926,2012-01-01
adatm0000077            ,7,74.1161,2012-01-01
adatm0000078            ,7,110.5108,2012-01-01
adatm0000079            ,7,65.4456,2012-01-01
adatm0000080            ,7,66.865,2012-01-01
adatm0000081            ,7,66.3018,2012-01-01
adatm0000083            ,7,70.236,2012-01-01
adatm0000085            ,7,45.7594,2012-01-01
adatm0000087            ,7,52.5015,2012-01-01
adatm0000090            ,7,68.4926,2012-01-01
adatm0000091            ,7,74.1161,2012-01-01
adatm0000092            ,7,110.5108,2012-01-01
adatm0000093            ,7,65.4456,2012-01-01
adatm0000094            ,7,66.865,2012-01-01
adatm0000095            ,7,66.3018,2012-01-01
adatm0000096            ,7,69.8503,2012-01-01
adatm0000097            ,7,70.236,2012-01-01
adatm0000098            ,7,59.0352,2012-01-01
adatm0000099            ,7,70.236,2012-01-01
adatm0000100            ,7,59.0352,2012-01-01
adatm0000101            ,7,160.2506,2012-01-01
adatm0000102            ,7,150.2841,2012-01-01
adatm0000103            ,7,110.6805,2012-01-01
adatm0000104            ,7,119.8987,2012-01-01
adatm0000105            ,7,109.13,2012-01-01
adatm0000107            ,7,110.6805,2012-01-01
adatm0000108            ,7,119.8987,2012-01-01
adatm0000109            ,7,160.2506,2012-01-01
adatm0000110            ,7,150.2841,2012-01-01
adatm0000111            ,7,110.6805,2012-01-01
adatm0000112            ,7,119.8987,2012-01-01
adatm0000113            ,7,160.2506,2012-01-01
adatm0000114            ,7,150.2841,2012-01-01
adatm0000116            ,7,119.8987,2012-01-01
adatm0000118            ,7,150.2841,2012-01-01
adatm0000120            ,7,119.8987,2012-01-01
adatm0000123            ,7,110.6805,2012-01-01
adatm0000124            ,7,119.8987,2012-01-01
adatm0000126            ,7,150.2841,2012-01-01
adatm0000127            ,7,110.6805,2012-01-01
adatm0000128            ,7,119.8987,2012-01-01
adatm0000129            ,7,109.13,2012-01-01
adatm0000130            ,7,150.2841,2012-01-01
adatm0000131            ,7,110.6805,2012-01-01
adatm0000132            ,7,119.8987,2012-01-01
ctoso0000370            ,7,162.804,2012-01-01
ctoso0000371            ,7,145.1698,2012-01-01
ctoso0000372            ,7,111.3902,2012-01-01
ctoso0000373            ,7,126.9956,2012-01-01
ctoso0000374            ,7,165.1027,2012-01-01
ctoso0000375            ,7,145.1698,2012-01-01
ctoso0000377            ,7,126.9956,2012-01-01
ctoso0000378            ,7,165.1027,2012-01-01
ctoso0000379            ,7,145.1698,2012-01-01
ctoso0000380            ,7,107.8417,2012-01-01
ctoso0000381            ,7,126.9956,2012-01-01
ctoso0000382            ,7,172.0068,2012-01-01
ctoso0000383            ,7,145.1698,2012-01-01
ctoso0000384            ,7,117.7774,2012-01-01
ctoso0000386            ,7,172.0068,2012-01-01
ctoso0000388            ,7,117.7774,2012-01-01
ctoso0000390            ,7,161.5234,2012-01-01
ctoso0000393            ,7,126.9956,2012-01-01
ctoso0000394            ,7,161.5234,2012-01-01
ctoso0000396            ,7,121.6729,2012-01-01
ctoso0000397            ,7,126.9956,2012-01-01
ctoso0000398            ,7,109.13,2012-01-01
ctoso0000399            ,7,145.1698,2012-01-01
ctoso0000400            ,7,114.2289,2012-01-01
ctoso0000401            ,7,126.9956,2012-01-01
fabrk0000001            ,7,160.7598,2012-01-01
fabrk0000002            ,7,111.4827,2012-01-01
fabrk0000003            ,7,107.132,2012-01-01
fabrk0000004            ,7,116.358,2012-01-01
fabrk0000005            ,7,164.8482,2012-01-01
fabrk0000006            ,7,111.4827,2012-01-01
fabrk0000007            ,7,118.4793,2012-01-01
fabrk0000009            ,7,164.8482,2012-01-01
fabrk0000010            ,7,111.4827,2012-01-01
fabrk0000011            ,7,118.4793,2012-01-01
fabrk0000012            ,7,116.358,2012-01-01
fabrk0000013            ,7,167.9184,2012-01-01
fabrk0000014            ,7,111.4827,2012-01-01
fabrk0000015            ,7,117.7774,2012-01-01
fabrk0000016            ,7,116.358,2012-01-01
fabrk0000018            ,7,111.4827,2012-01-01
fabrk0000020            ,7,116.358,2012-01-01
fabrk0000022            ,7,111.4827,2012-01-01
fabrk0000025            ,7,160.2506,2012-01-01
fabrk0000026            ,7,111.4827,2012-01-01
fabrk0000028            ,7,116.358,2012-01-01
fabrk0000029            ,7,122.8069,2012-01-01
fabrk0000030            ,7,111.4827,2012-01-01
fabrk0000031            ,7,139.0217,2012-01-01
fabrk0000032            ,7,116.358,2012-01-01
fabrk0000033            ,7,122.8069,2012-01-01
fabrk0000034            ,7,111.4827,2012-01-01
fabrk0000035            ,7,139.0217,2012-01-01
fabrk0000036            ,7,116.358,2012-01-01
fabrk0000037            ,7,212.8447,2012-01-01
fabrk0000038            ,7,200.78,2012-01-01
fabrk0000039            ,7,224.5468,2012-01-01
fabrk0000040            ,7,232.3534,2012-01-01
fabrk0000041            ,7,165.9667,2012-01-01
fabrk0000042            ,7,169.9009,2012-01-01
fabrk0000043            ,7,161.6392,2012-01-01
fabrk0000044            ,7,161.2457,2012-01-01
fabrk0000045            ,7,255.5802,2012-01-01
fabrk0000046            ,7,255.3257,2012-01-01
fabrk0000047            ,7,255.0711,2012-01-01
fabrk0000048            ,7,250.4659,2012-01-01
fabrk0000049            ,7,408.9269,2012-01-01
fabrk0000050            ,7,403.8202,2012-01-01
fabrk0000051            ,7,398.7058,2012-01-01
fabrk0000052            ,7,388.4848,2012-01-01
fabrk0000053            ,7,315.7186,2012-01-01
fabrk0000054            ,7,312.1702,2012-01-01
fabrk0000055            ,7,305.0733,2012-01-01
fabrk0000056            ,7,301.5248,2012-01-01
fabrk0000057            ,7,70.7914,2012-01-01
fabrk0000058            ,7,66.8572,2012-01-01
fabrk0000059            ,7,64.8902,2012-01-01
fabrk0000060            ,7,62.9231,2012-01-01
fabrk0000061            ,7,212.8447,2012-01-01
fabrk0000062            ,7,200.78,2012-01-01
fabrk0000063            ,7,224.5468,2012-01-01
fabrk0000064            ,7,232.3534,2012-01-01
fabrk0000065            ,7,165.9667,2012-01-01
fabrk0000066            ,7,169.9009,2012-01-01
fabrk0000067            ,7,161.6392,2012-01-01
fabrk0000068            ,7,161.2457,2012-01-01
fabrk0000069            ,7,255.5802,2012-01-01
fabrk0000070            ,7,255.3257,2012-01-01
fabrk0000071            ,7,255.0711,2012-01-01
fabrk0000072            ,7,250.4659,2012-01-01
fabrk0000073            ,7,408.9269,2012-01-01
fabrk0000074            ,7,403.8202,2012-01-01
fabrk0000075            ,7,398.7058,2012-01-01
fabrk0000076            ,7,388.4848,2012-01-01
fabrk0000077            ,7,315.7186,2012-01-01
fabrk0000078            ,7,312.1702,2012-01-01
fabrk0000079            ,7,305.0733,2012-01-01
fabrk0000080            ,7,301.5248,2012-01-01
fabrk0000081            ,7,70.7914,2012-01-01
fabrk0000082            ,7,66.8572,2012-01-01
fabrk0000083            ,7,64.8902,2012-01-01
fabrk0000084            ,7,62.9231,2012-01-01
fabrk0000085            ,7,212.8447,2012-01-01
fabrk0000086            ,7,200.78,2012-01-01
fabrk0000087            ,7,224.5468,2012-01-01
fabrk0000088            ,7,232.3534,2012-01-01
fabrk0000089            ,7,165.9667,2012-01-01
fabrk0000090            ,7,169.9009,2012-01-01
fabrk0000091            ,7,161.6392,2012-01-01
fabrk0000092            ,7,161.2457,2012-01-01
fabrk0000093            ,7,255.5802,2012-01-01
fabrk0000094            ,7,255.3257,2012-01-01
fabrk0000095            ,7,255.0711,2012-01-01
fabrk0000096            ,7,250.4659,2012-01-01
fabrk0000097            ,7,408.9269,2012-01-01
fabrk0000098            ,7,403.8202,2012-01-01
fabrk0000099            ,7,398.7058,2012-01-01
fabrk0000100            ,7,388.4848,2012-01-01
fabrk0000101            ,7,315.7186,2012-01-01
fabrk0000102            ,7,312.1702,2012-01-01
fabrk0000103            ,7,305.0733,2012-01-01
fabrk0000104            ,7,301.5248,2012-01-01
fabrk0000105            ,7,70.7914,2012-01-01
fabrk0000106            ,7,66.8572,2012-01-01
fabrk0000107            ,7,64.8902,2012-01-01
fabrk0000108            ,7,62.9231,2012-01-01
fabrk0000109            ,7,219.9416,2012-01-01
fabrk0000110            ,7,197.2316,2012-01-01
fabrk0000111            ,7,226.321,2012-01-01
fabrk0000114            ,7,189.5638,2012-01-01
fabrk0000116            ,7,180.9087,2012-01-01
fabrk0000117            ,7,263.248,2012-01-01
fabrk0000118            ,7,255.5802,2012-01-01
fabrk0000119            ,7,255.3257,2012-01-01
fabrk0000120            ,7,252.5101,2012-01-01
fabrk0000121            ,7,414.0412,2012-01-01
fabrk0000122            ,7,398.7058,2012-01-01
fabrk0000123            ,7,391.0381,2012-01-01
fabrk0000124            ,7,383.3704,2012-01-01
fabrk0000125            ,7,315.0089,2012-01-01
fabrk0000127            ,7,303.6539,2012-01-01
fabrk0000128            ,7,297.2744,2012-01-01
fabrk0000129            ,7,73.9387,2012-01-01
fabrk0000130            ,7,70.0046,2012-01-01
fabrk0000131            ,7,66.0704,2012-01-01
fabrk0000132            ,7,62.1363,2012-01-01
fabrk0000134            ,7,303.6539,2012-01-01
fabrk0000135            ,7,297.2744,2012-01-01
fabrk0000136            ,7,73.9387,2012-01-01
fabrk0000137            ,7,70.0046,2012-01-01
fabrk0000138            ,7,66.0704,2012-01-01
fabrk0000139            ,7,62.1363,2012-01-01
ctoso0000550            ,7,19.663,2012-01-01
ctoso0000551            ,7,19.663,2012-01-01
ctoso0000552            ,7,19.663,2012-01-01
ctoso0000553            ,7,23.5894,2012-01-01
ctoso0000554            ,7,23.5894,2012-01-01
ctoso0000555            ,7,23.5894,2012-01-01
ctoso0000556            ,7,7.8606,2012-01-01
ctoso0000557            ,7,7.8606,2012-01-01
ctoso0000558            ,7,7.8606,2012-01-01
ctoso0000559            ,7,7.8606,2012-01-01
ctoso0000563            ,7,14.5486,2012-01-01
ctoso0000564            ,7,14.5486,2012-01-01
ctoso0000565            ,7,14.5486,2012-01-01
ctoso0000569            ,7,19.6476,2012-01-01
ctoso0000570            ,7,19.6476,2012-01-01
ctoso0000571            ,7,19.6476,2012-01-01
ctoso0000572            ,7,19.6476,2012-01-01
ctoso0000573            ,7,2.7308,2012-01-01
ctoso0000574            ,7,2.7308,2012-01-01
ctoso0000575            ,7,2.7308,2012-01-01
ctoso0000576            ,7,2.7308,2012-01-01
ctoso0000585            ,7,9.8276,2012-01-01
ctoso0000586            ,7,9.8276,2012-01-01
ctoso0000587            ,7,9.8276,2012-01-01
ctoso0000588            ,7,9.8276,2012-01-01
ctoso0000589            ,7,30.6709,2012-01-01
ctoso0000590            ,7,30.6709,2012-01-01
ctoso0000591            ,7,30.6709,2012-01-01
ctoso0000592            ,7,30.6709,2012-01-01
ctoso0000596            ,7,152.0738,2012-01-01
ctoso0000599            ,7,8.8711,2012-01-01
ctoso0000600            ,7,8.8711,2012-01-01
ctoso0000601            ,7,8.8711,2012-01-01
ctoso0000602            ,7,8.8711,2012-01-01
ctoso0000603            ,7,33.7025,2012-01-01
ctoso0000604            ,7,33.7025,2012-01-01
ctoso0000605            ,7,33.7025,2012-01-01
ctoso0000606            ,7,33.7025,2012-01-01
ctoso0000607            ,7,24.1217,2012-01-01
ctoso0000608            ,7,24.1217,2012-01-01
ctoso0000609            ,7,24.1217,2012-01-01
ctoso0000610            ,7,24.1217,2012-01-01
ctoso0000611            ,7,11.0156,2012-01-01
ctoso0000612            ,7,11.0156,2012-01-01
ctoso0000613            ,7,11.0156,2012-01-01
ctoso0000614            ,7,11.0156,2012-01-01
ctoso0000619            ,7,3.9264,2012-01-01
ctoso0000620            ,7,5.1067,2012-01-01
ctoso0000621            ,7,6.6803,2012-01-01
ctoso0000622            ,7,8.1537,2012-01-01
ctoso0000623            ,7,9.5731,2012-01-01
ctoso0000624            ,7,10.2828,2012-01-01
ctoso0000626            ,7,12.7667,2012-01-01
ctoso0000627            ,7,13.8312,2012-01-01
ctoso0000628            ,7,14.186,2012-01-01
ctoso0000629            ,7,10.9847,2012-01-01
ctoso0000630            ,7,12.0107,2012-01-01
ctoso0000631            ,7,12.7744,2012-01-01
ctoso0000632            ,7,6.0246,2012-01-01
ctoso0000633            ,7,8.1537,2012-01-01
ctoso0000635            ,7,10.2828,2012-01-01
ctoso0000637            ,7,12.7667,2012-01-01
ctoso0000639            ,7,15.5437,2012-01-01
ctoso0000642            ,7,12.7667,2012-01-01
ctoso0000643            ,7,5.5772,2012-01-01
ctoso0000645            ,7,10.7379,2012-01-01
ctoso0000646            ,7,7.9223,2012-01-01
ctoso0000647            ,7,6.2946,2012-01-01
ctoso0000648            ,7,7.8066,2012-01-01
ctoso0000649            ,7,8.1614,2012-01-01
ctoso0000650            ,7,7.4517,2012-01-01
ctoso0000651            ,7,8.1537,2012-01-01
ctoso0000652            ,7,3.9264,2012-01-01
ctoso0000653            ,7,5.1067,2012-01-01
ctoso0000654            ,7,6.6803,2012-01-01
ctoso0000655            ,7,8.1537,2012-01-01
ctoso0000656            ,7,9.5731,2012-01-01
ctoso0000657            ,7,10.2828,2012-01-01
ctoso0000659            ,7,12.7667,2012-01-01
ctoso0000660            ,7,13.8312,2012-01-01
ctoso0000661            ,7,14.186,2012-01-01
ctoso0000662            ,7,10.9847,2012-01-01
ctoso0000663            ,7,12.0107,2012-01-01
ctoso0000664            ,7,12.7744,2012-01-01
ctoso0000665            ,7,6.0246,2012-01-01
ctoso0000666            ,7,8.1537,2012-01-01
ctoso0000668            ,7,10.2828,2012-01-01
ctoso0000670            ,7,12.7667,2012-01-01
ctoso0000672            ,7,15.5437,2012-01-01
ctoso0000675            ,7,12.7667,2012-01-01
ctoso0000676            ,7,5.5772,2012-01-01
ctoso0000678            ,7,10.7379,2012-01-01
ctoso0000679            ,7,7.9223,2012-01-01
ctoso0000680            ,7,6.2946,2012-01-01
ctoso0000681            ,7,7.8066,2012-01-01
ctoso0000682            ,7,8.1614,2012-01-01
ctoso0000683            ,7,7.4517,2012-01-01
ctoso0000684            ,7,8.1537,2012-01-01
ctoso0000685            ,7,3.9264,2012-01-01
ctoso0000686            ,7,5.1067,2012-01-01
ctoso0000687            ,7,6.6803,2012-01-01
ctoso0000688            ,7,8.1537,2012-01-01
ctoso0000689            ,7,9.5731,2012-01-01
ctoso0000690            ,7,10.2828,2012-01-01
ctoso0000692            ,7,12.7667,2012-01-01
ctoso0000693            ,7,13.8312,2012-01-01
ctoso0000694            ,7,14.186,2012-01-01
ctoso0000695            ,7,10.9847,2012-01-01
ctoso0000696            ,7,12.0107,2012-01-01
ctoso0000697            ,7,12.7744,2012-01-01
ctoso0000698            ,7,6.0246,2012-01-01
ctoso0000699            ,7,8.1537,2012-01-01
ctoso0000701            ,7,10.2828,2012-01-01
ctoso0000703            ,7,12.7667,2012-01-01
ctoso0000705            ,7,15.5437,2012-01-01
ctoso0000708            ,7,12.7667,2012-01-01
ctoso0000709            ,7,5.5772,2012-01-01
phoco0000103            ,7,150.5387,2012-01-01
phoco0000104            ,7,81.591,2012-01-01
phoco0000105            ,7,95.0673,2012-01-01
phoco0000106            ,7,102.5191,2012-01-01
phoco0000109            ,7,106.4223,2012-01-01
phoco0000110            ,7,109.2611,2012-01-01
phoco0000112            ,7,103.9384,2012-01-01
phoco0000113            ,7,91.5266,2012-01-01
phoco0000114            ,7,70.5908,2012-01-01
phoco0000115            ,7,102.8739,2012-01-01
phoco0000116            ,7,106.7772,2012-01-01
phoco0000117            ,7,67.0424,2012-01-01
phoco0000118            ,7,70.9457,2012-01-01
phoco0000120            ,7,150.5387,2012-01-01
phoco0000121            ,7,81.591,2012-01-01
phoco0000122            ,7,95.0673,2012-01-01
phoco0000123            ,7,102.5191,2012-01-01
phoco0000126            ,7,106.4223,2012-01-01
phoco0000127            ,7,109.2611,2012-01-01
phoco0000129            ,7,103.9384,2012-01-01
phoco0000130            ,7,91.5266,2012-01-01
phoco0000131            ,7,70.5908,2012-01-01
phoco0000132            ,7,102.8739,2012-01-01
phoco0000133            ,7,106.7772,2012-01-01
phoco0000134            ,7,67.0424,2012-01-01
phoco0000135            ,7,70.9457,2012-01-01
phoco0000137            ,7,150.5387,2012-01-01
phoco0000138            ,7,81.591,2012-01-01
phoco0000139            ,7,95.0673,2012-01-01
phoco0000140            ,7,102.5191,2012-01-01
phoco0000143            ,7,106.4223,2012-01-01
phoco0000144            ,7,109.2611,2012-01-01
phoco0000146            ,7,103.9384,2012-01-01
phoco0000147            ,7,91.5266,2012-01-01
phoco0000148            ,7,70.5908,2012-01-01
phoco0000149            ,7,102.8739,2012-01-01
phoco0000150            ,7,106.7772,2012-01-01
phoco0000151            ,7,67.0424,2012-01-01
phoco0000152            ,7,70.9457,2012-01-01
ctoso0000067            ,7,106.4223,2012-01-01
ctoso0000068            ,7,109.2611,2012-01-01
ctoso0000070            ,7,103.9384,2012-01-01
ctoso0000071            ,7,91.5266,2012-01-01
ctoso0000072            ,7,70.5908,2012-01-01
ctoso0000073            ,7,102.8739,2012-01-01
ctoso0000074            ,7,106.7772,2012-01-01
ctoso0000075            ,7,67.0424,2012-01-01
ctoso0000076            ,7,70.9457,2012-01-01
phoco0000001            ,7,50.735,2012-01-01
phoco0000004            ,7,95.4222,2012-01-01
phoco0000005            ,7,73.7844,2012-01-01
phoco0000006            ,7,81.591,2012-01-01
phoco0000008            ,7,94.7125,2012-01-01
phoco0000009            ,7,106.4223,2012-01-01
phoco0000010            ,7,109.9708,2012-01-01
phoco0000011            ,7,50.735,2012-01-01
phoco0000014            ,7,95.4222,2012-01-01
phoco0000015            ,7,73.7844,2012-01-01
phoco0000016            ,7,81.591,2012-01-01
phoco0000018            ,7,94.7125,2012-01-01
phoco0000019            ,7,106.4223,2012-01-01
phoco0000020            ,7,109.9708,2012-01-01
phoco0000021            ,7,50.735,2012-01-01
phoco0000024            ,7,95.4222,2012-01-01
phoco0000025            ,7,73.7844,2012-01-01
phoco0000026            ,7,81.591,2012-01-01
phoco0000028            ,7,94.7125,2012-01-01
phoco0000029            ,7,106.4223,2012-01-01
phoco0000030            ,7,109.9708,2012-01-01
phoco0000031            ,7,50.735,2012-01-01
phoco0000034            ,7,95.4222,2012-01-01
phoco0000035            ,7,73.7844,2012-01-01
phoco0000036            ,7,81.591,2012-01-01
phoco0000038            ,7,94.7125,2012-01-01
phoco0000039            ,7,106.4223,2012-01-01
phoco0000040            ,7,109.9708,2012-01-01
phoco0000041            ,7,50.735,2012-01-01
phoco0000044            ,7,95.4222,2012-01-01
phoco0000045            ,7,73.7844,2012-01-01
phoco0000046            ,7,81.591,2012-01-01
phoco0000048            ,7,94.7125,2012-01-01
phoco0000049            ,7,106.4223,2012-01-01
phoco0000050            ,7,109.9708,2012-01-01
phoco0000051            ,7,99.3255,2012-01-01
phoco0000052            ,7,109.9708,2012-01-01
phoco0000053            ,7,97.1193,2012-01-01
phoco0000054            ,7,106.0675,2012-01-01
phoco0000055            ,7,117.0677,2012-01-01
phoco0000056            ,7,102.7428,2012-01-01
phoco0000058            ,7,95.0673,2012-01-01
phoco0000059            ,7,77.1863,2012-01-01
phoco0000060            ,7,90.4621,2012-01-01
phoco0000061            ,7,94.3576,2012-01-01
phoco0000062            ,7,99.418,2012-01-01
phoco0000063            ,7,99.3255,2012-01-01
phoco0000065            ,7,101.7245,2012-01-01
phoco0000066            ,7,95.0673,2012-01-01
phoco0000068            ,7,94.0568,2012-01-01
phoco0000072            ,7,106.0675,2012-01-01
phoco0000073            ,7,117.0677,2012-01-01
phoco0000076            ,7,95.0673,2012-01-01
phoco0000077            ,7,77.1863,2012-01-01
phoco0000078            ,7,90.4621,2012-01-01
phoco0000080            ,7,99.418,2012-01-01
phoco0000081            ,7,99.3255,2012-01-01
phoco0000083            ,7,101.7245,2012-01-01
phoco0000084            ,7,95.0673,2012-01-01
phoco0000085            ,7,105.7127,2012-01-01
phoco0000088            ,7,109.9708,2012-01-01
phoco0000089            ,7,97.1193,2012-01-01
phoco0000090            ,7,106.0675,2012-01-01
phoco0000092            ,7,102.7428,2012-01-01
phoco0000093            ,7,84.4297,2012-01-01
phoco0000095            ,7,77.1863,2012-01-01
phoco0000098            ,7,99.418,2012-01-01
phoco0000099            ,7,99.3255,2012-01-01
svido0000131            ,7,5.1067,2012-01-01
svido0000132            ,7,55.9728,2012-01-01
svido0000133            ,7,55.9728,2012-01-01
svido0000134            ,7,55.9728,2012-01-01
svido0000135            ,7,55.9728,2012-01-01
svido0000136            ,7,55.9728,2012-01-01
svido0000137            ,7,6.3795,2012-01-01
svido0000138            ,7,4.9292,2012-01-01
svido0000139            ,7,3.9264,2012-01-01
svido0000140            ,7,5.8472,2012-01-01
svido0000141            ,7,4.4895,2012-01-01
svido0000142            ,7,6.3795,2012-01-01
svido0000143            ,7,4.9292,2012-01-01
svido0000144            ,7,3.9264,2012-01-01
svido0000145            ,7,5.8472,2012-01-01
svido0000146            ,7,4.4895,2012-01-01
svido0000147            ,7,6.3795,2012-01-01
svido0000148            ,7,4.9292,2012-01-01
svido0000149            ,7,3.9264,2012-01-01
svido0000150            ,7,5.8472,2012-01-01
svido0000151            ,7,4.4895,2012-01-01
svido0000156            ,7,56.7519,2012-01-01
svido0000157            ,7,63.8488,2012-01-01
svido0000158            ,7,43.2601,2012-01-01
svido0000159            ,7,66.4484,2012-01-01
svido0000160            ,7,74.1161,2012-01-01
svido0000161            ,7,56.7519,2012-01-01
svido0000162            ,7,63.8488,2012-01-01
svido0000163            ,7,43.2601,2012-01-01
svido0000164            ,7,66.4484,2012-01-01
svido0000165            ,7,74.1161,2012-01-01
svido0000166            ,7,56.7519,2012-01-01
svido0000167            ,7,63.8488,2012-01-01
svido0000168            ,7,43.2601,2012-01-01
svido0000169            ,7,66.4484,2012-01-01
svido0000170            ,7,74.1161,2012-01-01
ctoso0000082            ,7,5.1067,2012-01-01
ctoso0000083            ,7,55.9728,2012-01-01
ctoso0000084            ,7,55.9728,2012-01-01
ctoso0000085            ,7,55.9728,2012-01-01
ctoso0000086            ,7,55.9728,2012-01-01
ctoso0000087            ,7,55.9728,2012-01-01
ctoso0000088            ,7,6.3795,2012-01-01
ctoso0000089            ,7,4.9292,2012-01-01
ctoso0000090            ,7,3.9264,2012-01-01
ctoso0000091            ,7,5.8472,2012-01-01
ctoso0000092            ,7,4.4895,2012-01-01
ctoso0000093            ,7,6.3795,2012-01-01
ctoso0000094            ,7,4.9292,2012-01-01
ctoso0000095            ,7,3.9264,2012-01-01
ctoso0000096            ,7,5.8472,2012-01-01
ctoso0000097            ,7,4.4895,2012-01-01
ctoso0000098            ,7,6.3795,2012-01-01
ctoso0000099            ,7,4.9292,2012-01-01
ctoso0000100            ,7,3.9264,2012-01-01
ctoso0000101            ,7,5.8472,2012-01-01
ctoso0000102            ,7,4.4895,2012-01-01
ctoso0000107            ,7,56.7519,2012-01-01
ctoso0000108            ,7,63.8488,2012-01-01
ctoso0000109            ,7,43.2601,2012-01-01
ctoso0000110            ,7,66.4484,2012-01-01
ctoso0000111            ,7,74.1161,2012-01-01
ctoso0000112            ,7,56.7519,2012-01-01
ctoso0000113            ,7,63.8488,2012-01-01
ctoso0000114            ,7,43.2601,2012-01-01
ctoso0000115            ,7,66.4484,2012-01-01
ctoso0000116            ,7,74.1161,2012-01-01
ctoso0000117            ,7,56.7519,2012-01-01
ctoso0000118            ,7,63.8488,2012-01-01
ctoso0000119            ,7,43.2601,2012-01-01
ctoso0000120            ,7,66.4484,2012-01-01
ctoso0000121            ,7,74.1161,2012-01-01
ttoys0000122            ,7,2.7462,2012-01-01
ttoys0000124            ,7,3.1859,2012-01-01
ttoys0000125            ,7,1.9594,2012-01-01
ttoys0000126            ,7,4.3198,2012-01-01
ttoys0000128            ,7,2.7462,2012-01-01
ttoys0000130            ,7,3.1859,2012-01-01
ttoys0000131            ,7,1.9594,2012-01-01
ttoys0000132            ,7,4.3198,2012-01-01
ttoys0000134            ,7,2.7462,2012-01-01
ttoys0000136            ,7,3.1859,2012-01-01
ttoys0000137            ,7,1.9594,2012-01-01
ttoys0000138            ,7,4.3198,2012-01-01
ttoys0000140            ,7,2.7462,2012-01-01
ttoys0000142            ,7,3.1859,2012-01-01
ttoys0000143            ,7,1.9594,2012-01-01
ttoys0000144            ,7,4.3198,2012-01-01
svido0000171            ,7,2.1214,2012-01-01
svido0000172            ,7,2.7462,2012-01-01
svido0000174            ,7,3.1473,2012-01-01
svido0000175            ,7,1.9594,2012-01-01
svido0000176            ,7,4.343,2012-01-01
svido0000177            ,7,2.1214,2012-01-01
svido0000178            ,7,2.7462,2012-01-01
svido0000180            ,7,3.1473,2012-01-01
svido0000181            ,7,1.9594,2012-01-01
svido0000182            ,7,4.343,2012-01-01
svido0000183            ,7,2.1214,2012-01-01
svido0000184            ,7,2.7462,2012-01-01
svido0000186            ,7,3.1473,2012-01-01
svido0000187            ,7,1.9594,2012-01-01
svido0000188            ,7,4.343,2012-01-01
svido0000189            ,7,2.1214,2012-01-01
svido0000190            ,7,2.7462,2012-01-01
svido0000192            ,7,3.1473,2012-01-01
ttoys0000001            ,7,24.8777,2012-01-01
ttoys0000002            ,7,24.8777,2012-01-01
ttoys0000003            ,7,24.8777,2012-01-01
ttoys0000004            ,7,24.8777,2012-01-01
ttoys0000005            ,7,24.8777,2012-01-01
ttoys0000006            ,7,24.8777,2012-01-01
ttoys0000007            ,7,24.8777,2012-01-01
ttoys0000008            ,7,24.8777,2012-01-01
ttoys0000009            ,7,24.8777,2012-01-01
ttoys0000010            ,7,24.8777,2012-01-01
ttoys0000011            ,7,24.8777,2012-01-01
ttoys0000012            ,7,24.8777,2012-01-01
ttoys0000013            ,7,24.8777,2012-01-01
ttoys0000014            ,7,24.8777,2012-01-01
ttoys0000015            ,7,24.8777,2012-01-01
ttoys0000016            ,7,22.0235,2012-01-01
ttoys0000017            ,7,22.0235,2012-01-01
ttoys0000018            ,7,22.0235,2012-01-01
ttoys0000021            ,7,19.8636,2012-01-01
ttoys0000022            ,7,28.3104,2012-01-01
ttoys0000024            ,7,27.5544,2012-01-01
ttoys0000025            ,7,25.703,2012-01-01
ttoys0000026            ,7,25.703,2012-01-01
ttoys0000027            ,7,8.9637,2012-01-01
ttoys0000028            ,7,11.0156,2012-01-01
ttoys0000029            ,7,11.0156,2012-01-01
ttoys0000030            ,7,11.0156,2012-01-01
ttoys0000031            ,7,11.0156,2012-01-01
ttoys0000034            ,7,11.0156,2012-01-01
ttoys0000035            ,7,11.0156,2012-01-01
ttoys0000036            ,7,11.0156,2012-01-01
ttoys0000037            ,7,11.0156,2012-01-01
ttoys0000038            ,7,11.0156,2012-01-01
ttoys0000039            ,7,27.8553,2012-01-01
ttoys0000040            ,7,27.8553,2012-01-01
ttoys0000041            ,7,27.8553,2012-01-01
ttoys0000042            ,7,27.8553,2012-01-01
ttoys0000043            ,7,27.8553,2012-01-01
ttoys0000044            ,7,27.8553,2012-01-01
ttoys0000045            ,7,27.8553,2012-01-01
ttoys0000046            ,7,31.5734,2012-01-01
ttoys0000047            ,7,31.5734,2012-01-01
ttoys0000048            ,7,31.5734,2012-01-01
ttoys0000049            ,7,25.5256,2012-01-01
ttoys0000050            ,7,25.5256,2012-01-01
ttoys0000051            ,7,21.9849,2012-01-01
ttoys0000052            ,7,19.879,2012-01-01
ttoys0000053            ,7,26.8062,2012-01-01
ttoys0000054            ,7,33.633,2012-01-01
ttoys0000055            ,7,26.0348,2012-01-01
ttoys0000056            ,7,12.3424,2012-01-01
ttoys0000057            ,7,35.3841,2012-01-01
ttoys0000063            ,7,12.0647,2012-01-01
ttoys0000064            ,7,13.3684,2012-01-01
ttoys0000065            ,7,13.3684,2012-01-01
ttoys0000066            ,7,13.3684,2012-01-01
ttoys0000067            ,7,16.9091,2012-01-01
ttoys0000068            ,7,16.9091,2012-01-01
ttoys0000069            ,7,16.9091,2012-01-01
ttoys0000070            ,7,16.9091,2012-01-01
ttoys0000074            ,7,16.9091,2012-01-01
ttoys0000076            ,7,16.9091,2012-01-01
ttoys0000077            ,7,16.9091,2012-01-01
ttoys0000078            ,7,16.9091,2012-01-01
ttoys0000079            ,7,16.9091,2012-01-01
ttoys0000080            ,7,16.9091,2012-01-01
ttoys0000081            ,7,16.9091,2012-01-01
ttoys0000082            ,7,16.9091,2012-01-01
ttoys0000083            ,7,16.9091,2012-01-01
ttoys0000084            ,7,16.9091,2012-01-01
ttoys0000085            ,7,16.9091,2012-01-01
ttoys0000086            ,7,16.9091,2012-01-01
ttoys0000087            ,7,16.9091,2012-01-01
ttoys0000090            ,7,16.9091,2012-01-01
ttoys0000091            ,7,16.9091,2012-01-01
ttoys0000092            ,7,16.9091,2012-01-01
ttoys0000093            ,7,10.2288,2012-01-01
ttoys0000095            ,7,12.5815,2012-01-01
ttoys0000096            ,7,12.5815,2012-01-01
ttoys0000097            ,7,12.5815,2012-01-01
ttoys0000098            ,7,12.5815,2012-01-01
ttoys0000099            ,7,12.5815,2012-01-01
ttoys0000100            ,7,12.5815,2012-01-01
ttoys0000101            ,7,12.5815,2012-01-01
ttoys0000102            ,7,12.5815,2012-01-01
ttoys0000103            ,7,12.5815,2012-01-01
ttoys0000104            ,7,12.5815,2012-01-01
ttoys0000108            ,7,12.5815,2012-01-01
ttoys0000110            ,7,12.5815,2012-01-01
ttoys0000111            ,7,12.5815,2012-01-01
ttoys0000112            ,7,12.5815,2012-01-01
ttoys0000113            ,7,12.5815,2012-01-01
ttoys0000114            ,7,12.5815,2012-01-01
ttoys0000115            ,7,12.5815,2012-01-01
ttoys0000116            ,7,12.5815,2012-01-01
ttoys0000118            ,7,12.5815,2012-01-01
ttoys0000119            ,7,12.5815,2012-01-01
ttoys0000120            ,7,12.5815,2012-01-01
litwr0000003            ,7,644.9135,2012-01-01
litwr0000004            ,7,628.8607,2012-01-01
litwr0000005            ,7,392.8894,2012-01-01
litwr0000008            ,7,644.9135,2012-01-01
litwr0000009            ,7,628.8607,2012-01-01
litwr0000010            ,7,392.8894,2012-01-01
litwr0000013            ,7,644.9135,2012-01-01
litwr0000014            ,7,628.8607,2012-01-01
litwr0000015            ,7,392.8894,2012-01-01
litwr0000018            ,7,644.9135,2012-01-01
litwr0000019            ,7,628.8607,2012-01-01
litwr0000020            ,7,392.8894,2012-01-01
ntrad0000028            ,7,678.0297,2012-01-01
ntrad0000030            ,7,645.2375,2012-01-01
ntrad0000031            ,7,629.2156,2012-01-01
ntrad0000032            ,7,393.2443,2012-01-01
ntrad0000033            ,7,678.0297,2012-01-01
ntrad0000035            ,7,645.2375,2012-01-01
ntrad0000036            ,7,629.2156,2012-01-01
ntrad0000037            ,7,393.2443,2012-01-01
ntrad0000038            ,7,678.0297,2012-01-01
ntrad0000040            ,7,645.2375,2012-01-01
ntrad0000041            ,7,629.2156,2012-01-01
ntrad0000042            ,7,393.2443,2012-01-01
ntrad0000043            ,7,678.0297,2012-01-01
ntrad0000045            ,7,645.2375,2012-01-01
ntrad0000046            ,7,629.2156,2012-01-01
ntrad0000047            ,7,393.2443,2012-01-01
ctoso0000124            ,7,644.9135,2012-01-01
ctoso0000125            ,7,628.8607,2012-01-01
ctoso0000126            ,7,392.8894,2012-01-01
ctoso0000129            ,7,644.9135,2012-01-01
ctoso0000130            ,7,628.8607,2012-01-01
ctoso0000131            ,7,392.8894,2012-01-01
ctoso0000134            ,7,644.9135,2012-01-01
ctoso0000135            ,7,628.8607,2012-01-01
ctoso0000136            ,7,392.8894,2012-01-01
ctoso0000139            ,7,644.9135,2012-01-01
ctoso0000140            ,7,628.8607,2012-01-01
ctoso0000141            ,7,392.8894,2012-01-01
ctoso0000144            ,7,644.9135,2012-01-01
ctoso0000145            ,7,628.8607,2012-01-01
ctoso0000146            ,7,392.8894,2012-01-01
ctoso0000149            ,7,644.9135,2012-01-01
ctoso0000150            ,7,628.8607,2012-01-01
ctoso0000151            ,7,392.8894,2012-01-01
fabrk0000202            ,7,174.8841,2012-01-01
fabrk0000203            ,7,117.9779,2012-01-01
fabrk0000204            ,7,110.1174,2012-01-01
fabrk0000205            ,7,51.1207,2012-01-01
fabrk0000208            ,7,174.8841,2012-01-01
fabrk0000209            ,7,117.9779,2012-01-01
fabrk0000210            ,7,110.1174,2012-01-01
fabrk0000211            ,7,51.1207,2012-01-01
fabrk0000214            ,7,174.8841,2012-01-01
fabrk0000215            ,7,117.9779,2012-01-01
fabrk0000216            ,7,110.1174,2012-01-01
fabrk0000217            ,7,51.1207,2012-01-01
fabrk0000220            ,7,174.8841,2012-01-01
fabrk0000221            ,7,117.9779,2012-01-01
fabrk0000222            ,7,110.1174,2012-01-01
fabrk0000223            ,7,51.1207,2012-01-01
fabrk0000226            ,7,174.8841,2012-01-01
fabrk0000227            ,7,117.9779,2012-01-01
fabrk0000228            ,7,110.1174,2012-01-01
fabrk0000229            ,7,51.1207,2012-01-01
fabrk0000232            ,7,174.8841,2012-01-01
fabrk0000233            ,7,117.9779,2012-01-01
fabrk0000234            ,7,110.1174,2012-01-01
fabrk0000235            ,7,51.1207,2012-01-01
fabrk0000238            ,7,174.8841,2012-01-01
fabrk0000239            ,7,117.9779,2012-01-01
fabrk0000240            ,7,110.1174,2012-01-01
fabrk0000241            ,7,51.1207,2012-01-01
litwr0000137            ,7,817.8537,2012-01-01
litwr0000139            ,7,174.8841,2012-01-01
litwr0000140            ,7,117.9779,2012-01-01
litwr0000141            ,7,110.1174,2012-01-01
litwr0000142            ,7,51.1207,2012-01-01
litwr0000143            ,7,817.8537,2012-01-01
litwr0000145            ,7,174.8841,2012-01-01
litwr0000146            ,7,117.9779,2012-01-01
litwr0000147            ,7,110.1174,2012-01-01
litwr0000148            ,7,51.1207,2012-01-01
litwr0000149            ,7,817.8537,2012-01-01
litwr0000151            ,7,174.8841,2012-01-01
litwr0000152            ,7,117.9779,2012-01-01
litwr0000153            ,7,110.1174,2012-01-01
litwr0000154            ,7,51.1207,2012-01-01
litwr0000155            ,7,817.8537,2012-01-01
litwr0000157            ,7,174.8841,2012-01-01
litwr0000158            ,7,117.9779,2012-01-01
litwr0000159            ,7,110.1174,2012-01-01
litwr0000160            ,7,51.1207,2012-01-01
litwr0000161            ,7,817.8537,2012-01-01
litwr0000163            ,7,174.8841,2012-01-01
litwr0000164            ,7,117.9779,2012-01-01
litwr0000165            ,7,110.1174,2012-01-01
litwr0000166            ,7,51.1207,2012-01-01
litwr0000167            ,7,817.8537,2012-01-01
litwr0000169            ,7,174.8841,2012-01-01
litwr0000170            ,7,117.9779,2012-01-01
litwr0000171            ,7,110.1174,2012-01-01
litwr0000172            ,7,51.1207,2012-01-01
litwr0000175            ,7,174.8841,2012-01-01
litwr0000176            ,7,117.9779,2012-01-01
litwr0000177            ,7,110.1174,2012-01-01
litwr0000178            ,7,51.1207,2012-01-01
litwr0000180            ,7,174.8841,2012-01-01
fabrk0000166            ,7,63.8488,2012-01-01
fabrk0000167            ,7,55.0548,2012-01-01
fabrk0000168            ,7,39.326,2012-01-01
fabrk0000169            ,7,37.3589,2012-01-01
fabrk0000172            ,7,63.8488,2012-01-01
fabrk0000173            ,7,55.0548,2012-01-01
fabrk0000174            ,7,39.326,2012-01-01
fabrk0000175            ,7,37.3589,2012-01-01
fabrk0000178            ,7,63.8488,2012-01-01
fabrk0000179            ,7,55.0548,2012-01-01
fabrk0000180            ,7,39.326,2012-01-01
fabrk0000181            ,7,37.3589,2012-01-01
fabrk0000184            ,7,63.8488,2012-01-01
fabrk0000185            ,7,55.0548,2012-01-01
fabrk0000186            ,7,39.326,2012-01-01
fabrk0000187            ,7,37.3589,2012-01-01
fabrk0000190            ,7,63.8488,2012-01-01
fabrk0000191            ,7,55.0548,2012-01-01
fabrk0000192            ,7,39.326,2012-01-01
fabrk0000193            ,7,37.3589,2012-01-01
fabrk0000196            ,7,63.8488,2012-01-01
fabrk0000197            ,7,55.0548,2012-01-01
fabrk0000198            ,7,39.326,2012-01-01
fabrk0000199            ,7,37.3589,2012-01-01
litwr0000181            ,7,170.2017,2012-01-01
litwr0000183            ,7,63.8488,2012-01-01
litwr0000184            ,7,55.0548,2012-01-01
litwr0000185            ,7,39.326,2012-01-01
litwr0000186            ,7,37.3589,2012-01-01
litwr0000187            ,7,170.2017,2012-01-01
litwr0000189            ,7,63.8488,2012-01-01
litwr0000190            ,7,55.0548,2012-01-01
litwr0000191            ,7,39.326,2012-01-01
litwr0000192            ,7,37.3589,2012-01-01
litwr0000193            ,7,170.2017,2012-01-01
litwr0000195            ,7,63.8488,2012-01-01
litwr0000196            ,7,55.0548,2012-01-01
litwr0000197            ,7,39.326,2012-01-01
litwr0000198            ,7,37.3589,2012-01-01
litwr0000199            ,7,170.2017,2012-01-01
litwr0000201            ,7,63.8488,2012-01-01
litwr0000202            ,7,55.0548,2012-01-01
litwr0000203            ,7,39.326,2012-01-01
litwr0000204            ,7,37.3589,2012-01-01
litwr0000205            ,7,170.2017,2012-01-01
litwr0000207            ,7,63.8488,2012-01-01
litwr0000208            ,7,55.0548,2012-01-01
litwr0000209            ,7,39.326,2012-01-01
litwr0000210            ,7,37.3589,2012-01-01
litwr0000211            ,7,170.2017,2012-01-01
litwr0000213            ,7,63.8488,2012-01-01
litwr0000214            ,7,55.0548,2012-01-01
litwr0000215            ,7,39.326,2012-01-01
litwr0000216            ,7,37.3589,2012-01-01
ctoso0000154            ,7,63.8488,2012-01-01
ctoso0000155            ,7,55.0548,2012-01-01
ctoso0000156            ,7,39.326,2012-01-01
ctoso0000157            ,7,37.3589,2012-01-01
ctoso0000160            ,7,63.8488,2012-01-01
ctoso0000161            ,7,55.0548,2012-01-01
ctoso0000162            ,7,39.326,2012-01-01
ctoso0000163            ,7,37.3589,2012-01-01
ctoso0000166            ,7,63.8488,2012-01-01
ctoso0000167            ,7,55.0548,2012-01-01
ctoso0000168            ,7,39.326,2012-01-01
ctoso0000169            ,7,37.3589,2012-01-01
ctoso0000172            ,7,63.8488,2012-01-01
ctoso0000173            ,7,55.0548,2012-01-01
ctoso0000174            ,7,39.326,2012-01-01
ctoso0000175            ,7,37.3589,2012-01-01
ctoso0000178            ,7,63.8488,2012-01-01
ctoso0000179            ,7,55.0548,2012-01-01
ctoso0000180            ,7,39.326,2012-01-01
ctoso0000181            ,7,37.3589,2012-01-01
ctoso0000182            ,7,376.9832,2012-01-01
ctoso0000184            ,7,280.5968,2012-01-01
ctoso0000185            ,7,199.7849,2012-01-01
ctoso0000186            ,7,101.2694,2012-01-01
ctoso0000187            ,7,376.9832,2012-01-01
ctoso0000189            ,7,280.5968,2012-01-01
ctoso0000190            ,7,199.7849,2012-01-01
ctoso0000191            ,7,101.2694,2012-01-01
ctoso0000192            ,7,376.9832,2012-01-01
ctoso0000194            ,7,280.5968,2012-01-01
ctoso0000195            ,7,199.7849,2012-01-01
ctoso0000196            ,7,101.2694,2012-01-01
ctoso0000197            ,7,376.9832,2012-01-01
ctoso0000199            ,7,280.5968,2012-01-01
ctoso0000200            ,7,199.7849,2012-01-01
ctoso0000201            ,7,101.2694,2012-01-01
ctoso0000202            ,7,376.9832,2012-01-01
ctoso0000204            ,7,280.5968,2012-01-01
ctoso0000205            ,7,199.7849,2012-01-01
ctoso0000206            ,7,101.2694,2012-01-01
ctoso0000207            ,7,376.9832,2012-01-01
ctoso0000209            ,7,280.5968,2012-01-01
ctoso0000210            ,7,199.7849,2012-01-01
ctoso0000211            ,7,101.2694,2012-01-01
ctoso0000215            ,7,157.8593,2012-01-01
ctoso0000216            ,7,64.1033,2012-01-01
ctoso0000217            ,7,58.5955,2012-01-01
ctoso0000218            ,7,51.0898,2012-01-01
ctoso0000221            ,7,157.8593,2012-01-01
ctoso0000222            ,7,64.1033,2012-01-01
ctoso0000223            ,7,58.5955,2012-01-01
ctoso0000224            ,7,51.0898,2012-01-01
ctoso0000227            ,7,157.8593,2012-01-01
ctoso0000228            ,7,64.1033,2012-01-01
ctoso0000229            ,7,58.5955,2012-01-01
ctoso0000230            ,7,51.0898,2012-01-01
ctoso0000233            ,7,157.8593,2012-01-01
ctoso0000234            ,7,64.1033,2012-01-01
ctoso0000235            ,7,58.5955,2012-01-01
ctoso0000236            ,7,51.0898,2012-01-01
advwk0000131            ,7,157.8593,2012-01-01
advwk0000132            ,7,64.1033,2012-01-01
advwk0000133            ,7,58.5955,2012-01-01
advwk0000134            ,7,51.0898,2012-01-01
advwk0000137            ,7,157.8593,2012-01-01
advwk0000138            ,7,64.1033,2012-01-01
advwk0000139            ,7,58.5955,2012-01-01
advwk0000140            ,7,51.0898,2012-01-01
advwk0000143            ,7,157.8593,2012-01-01
advwk0000144            ,7,64.1033,2012-01-01
advwk0000145            ,7,58.5955,2012-01-01
advwk0000146            ,7,51.0898,2012-01-01
advwk0000149            ,7,157.8593,2012-01-01
advwk0000150            ,7,64.1033,2012-01-01
advwk0000151            ,7,58.5955,2012-01-01
advwk0000152            ,7,51.0898,2012-01-01
fabrk0000244            ,7,157.8593,2012-01-01
fabrk0000245            ,7,64.1033,2012-01-01
fabrk0000246            ,7,58.5955,2012-01-01
fabrk0000247            ,7,51.0898,2012-01-01
fabrk0000250            ,7,157.8593,2012-01-01
fabrk0000251            ,7,64.1033,2012-01-01
fabrk0000252            ,7,58.5955,2012-01-01
fabrk0000253            ,7,51.0898,2012-01-01
fabrk0000256            ,7,157.8593,2012-01-01
fabrk0000257            ,7,64.1033,2012-01-01
fabrk0000258            ,7,58.5955,2012-01-01
fabrk0000259            ,7,51.0898,2012-01-01
fabrk0000262            ,7,157.8593,2012-01-01
fabrk0000263            ,7,64.1033,2012-01-01
fabrk0000264            ,7,58.5955,2012-01-01
fabrk0000265            ,7,51.0898,2012-01-01
fabrk0000266            ,7,157.8593,2012-01-01
fabrk0000267            ,7,64.1033,2012-01-01
advwk0000156            ,7,81.5833,2012-01-01
advwk0000157            ,7,47.1865,2012-01-01
advwk0000158            ,7,40.1128,2012-01-01
advwk0000159            ,7,31.4423,2012-01-01
advwk0000160            ,7,11.7947,2012-01-01
advwk0000161            ,7,162.5494,2012-01-01
advwk0000164            ,7,81.5833,2012-01-01
advwk0000165            ,7,47.1865,2012-01-01
advwk0000166            ,7,40.1128,2012-01-01
advwk0000167            ,7,31.4423,2012-01-01
advwk0000168            ,7,11.7947,2012-01-01
advwk0000169            ,7,162.5494,2012-01-01
advwk0000172            ,7,81.5833,2012-01-01
advwk0000173            ,7,47.1865,2012-01-01
advwk0000174            ,7,40.1128,2012-01-01
advwk0000175            ,7,31.4423,2012-01-01
advwk0000176            ,7,11.7947,2012-01-01
advwk0000177            ,7,162.5494,2012-01-01
advwk0000180            ,7,81.5833,2012-01-01
advwk0000181            ,7,47.1865,2012-01-01
advwk0000182            ,7,40.1128,2012-01-01
advwk0000183            ,7,31.4423,2012-01-01
advwk0000184            ,7,11.7947,2012-01-01
advwk0000185            ,7,162.5494,2012-01-01
advwk0000188            ,7,81.5833,2012-01-01
advwk0000189            ,7,47.1865,2012-01-01
advwk0000190            ,7,40.1128,2012-01-01
advwk0000191            ,7,31.4423,2012-01-01
advwk0000192            ,7,11.7947,2012-01-01
wwim 0000134            ,7,162.5494,2012-01-01
wwim 0000137            ,7,81.5833,2012-01-01
wwim 0000138            ,7,47.1865,2012-01-01
wwim 0000139            ,7,40.1128,2012-01-01
wwim 0000140            ,7,31.4423,2012-01-01
wwim 0000141            ,7,11.7947,2012-01-01
wwim 0000142            ,7,162.5494,2012-01-01
wwim 0000145            ,7,81.5833,2012-01-01
wwim 0000146            ,7,47.1865,2012-01-01
wwim 0000147            ,7,40.1128,2012-01-01
wwim 0000148            ,7,31.4423,2012-01-01
wwim 0000149            ,7,11.7947,2012-01-01
wwim 0000150            ,7,162.5494,2012-01-01
wwim 0000153            ,7,81.5833,2012-01-01
wwim 0000154            ,7,47.1865,2012-01-01
wwim 0000155            ,7,40.1128,2012-01-01
wwim 0000156            ,7,31.4423,2012-01-01
wwim 0000157            ,7,11.7947,2012-01-01
wwim 0000158            ,7,162.5494,2012-01-01
wwim 0000161            ,7,81.5833,2012-01-01
wwim 0000162            ,7,47.1865,2012-01-01
wwim 0000163            ,7,40.1128,2012-01-01
wwim 0000164            ,7,31.4423,2012-01-01
wwim 0000165            ,7,11.7947,2012-01-01
wwim 0000166            ,7,162.5494,2012-01-01
wwim 0000169            ,7,81.5833,2012-01-01
wwim 0000170            ,7,47.1865,2012-01-01
wwim 0000171            ,7,40.1128,2012-01-01
wwim 0000172            ,7,31.4423,2012-01-01
wwim 0000173            ,7,11.7947,2012-01-01
pware0000001            ,7,162.5494,2012-01-01
pware0000004            ,7,81.5833,2012-01-01
pware0000005            ,7,47.1865,2012-01-01
pware0000006            ,7,40.1128,2012-01-01
pware0000007            ,7,31.4423,2012-01-01
pware0000008            ,7,11.7947,2012-01-01
pware0000009            ,7,162.5494,2012-01-01
pware0000012            ,7,81.5833,2012-01-01
pware0000013            ,7,47.1865,2012-01-01
pware0000014            ,7,40.1128,2012-01-01
pware0000015            ,7,31.4423,2012-01-01
pware0000016            ,7,11.7947,2012-01-01
pware0000017            ,7,162.5494,2012-01-01
pware0000020            ,7,81.5833,2012-01-01
pware0000021            ,7,47.1865,2012-01-01
pware0000022            ,7,40.1128,2012-01-01
pware0000023            ,7,31.4423,2012-01-01
pware0000024            ,7,11.7947,2012-01-01
pware0000025            ,7,162.5494,2012-01-01
pware0000028            ,7,81.5833,2012-01-01
pware0000029            ,7,47.1865,2012-01-01
pware0000030            ,7,40.1128,2012-01-01
pware0000031            ,7,31.4423,2012-01-01
pware0000032            ,7,11.7947,2012-01-01
pware0000033            ,7,162.5494,2012-01-01
pware0000036            ,7,81.5833,2012-01-01
pware0000037            ,7,47.1865,2012-01-01
pware0000038            ,7,40.1128,2012-01-01
pware0000039            ,7,31.4423,2012-01-01
pware0000040            ,7,11.7947,2012-01-01
litwr0000024            ,7,81.5833,2012-01-01
litwr0000025            ,7,47.1865,2012-01-01
litwr0000026            ,7,40.1128,2012-01-01
litwr0000027            ,7,31.4423,2012-01-01
litwr0000028            ,7,11.7947,2012-01-01
litwr0000032            ,7,81.5833,2012-01-01
litwr0000033            ,7,47.1865,2012-01-01
litwr0000034            ,7,40.1128,2012-01-01
litwr0000035            ,7,31.4423,2012-01-01
litwr0000036            ,7,11.7947,2012-01-01
litwr0000040            ,7,81.5833,2012-01-01
litwr0000041            ,7,47.1865,2012-01-01
litwr0000042            ,7,40.1128,2012-01-01
litwr0000043            ,7,31.4423,2012-01-01
litwr0000044            ,7,11.7947,2012-01-01
litwr0000048            ,7,81.5833,2012-01-01
litwr0000049            ,7,47.1865,2012-01-01
litwr0000050            ,7,40.1128,2012-01-01
litwr0000051            ,7,31.4423,2012-01-01
litwr0000052            ,7,11.7947,2012-01-01
litwr0000056            ,7,81.5833,2012-01-01
litwr0000057            ,7,47.1865,2012-01-01
litwr0000058            ,7,40.1128,2012-01-01
ctoso0000001            ,7,162.5494,2012-01-01
ctoso0000004            ,7,141.8913,2012-01-01
ctoso0000005            ,7,117.9779,2012-01-01
ctoso0000006            ,7,78.6519,2012-01-01
ctoso0000007            ,7,43.2601,2012-01-01
ctoso0000008            ,7,162.5494,2012-01-01
ctoso0000011            ,7,141.8913,2012-01-01
ctoso0000012            ,7,117.9779,2012-01-01
ctoso0000013            ,7,78.6519,2012-01-01
ctoso0000014            ,7,43.2601,2012-01-01
ctoso0000015            ,7,162.5494,2012-01-01
ctoso0000018            ,7,141.8913,2012-01-01
ctoso0000019            ,7,117.9779,2012-01-01
ctoso0000020            ,7,78.6519,2012-01-01
ctoso0000021            ,7,43.2601,2012-01-01
ctoso0000022            ,7,162.5494,2012-01-01
ctoso0000025            ,7,141.8913,2012-01-01
ctoso0000026            ,7,117.9779,2012-01-01
ctoso0000027            ,7,78.6519,2012-01-01
ctoso0000028            ,7,43.2601,2012-01-01
ctoso0000029            ,7,162.5494,2012-01-01
ctoso0000032            ,7,141.8913,2012-01-01
ctoso0000033            ,7,117.9779,2012-01-01
ctoso0000034            ,7,78.6519,2012-01-01
ctoso0000035            ,7,43.2601,2012-01-01
pware0000056            ,7,141.8913,2012-01-01
pware0000057            ,7,117.9779,2012-01-01
pware0000058            ,7,78.6519,2012-01-01
pware0000059            ,7,43.2601,2012-01-01
pware0000063            ,7,141.8913,2012-01-01
pware0000064            ,7,117.9779,2012-01-01
pware0000065            ,7,78.6519,2012-01-01
pware0000066            ,7,43.2601,2012-01-01
pware0000070            ,7,141.8913,2012-01-01
pware0000071            ,7,117.9779,2012-01-01
pware0000072            ,7,78.6519,2012-01-01
pware0000073            ,7,43.2601,2012-01-01
pware0000077            ,7,141.8913,2012-01-01
pware0000078            ,7,117.9779,2012-01-01
pware0000079            ,7,78.6519,2012-01-01
litwr0000059            ,7,11.7947,2012-01-01
litwr0000060            ,7,11.7947,2012-01-01
litwr0000061            ,7,11.7947,2012-01-01
litwr0000062            ,7,14.4869,2012-01-01
litwr0000063            ,7,14.4869,2012-01-01
litwr0000064            ,7,14.4869,2012-01-01
litwr0000065            ,7,26.2507,2012-01-01
litwr0000066            ,7,26.2507,2012-01-01
litwr0000067            ,7,26.2507,2012-01-01
litwr0000076            ,7,12.9364,2012-01-01
litwr0000077            ,7,12.9364,2012-01-01
litwr0000078            ,7,12.9364,2012-01-01
litwr0000079            ,7,12.9364,2012-01-01
litwr0000084            ,7,17.6959,2012-01-01
litwr0000085            ,7,17.6959,2012-01-01
litwr0000086            ,7,17.6959,2012-01-01
litwr0000087            ,7,17.6959,2012-01-01
litwr0000088            ,7,3.9264,2012-01-01
litwr0000089            ,7,3.9264,2012-01-01
litwr0000090            ,7,3.9264,2012-01-01
litwr0000091            ,7,3.9264,2012-01-01
litwr0000092            ,7,1.9594,2012-01-01
litwr0000093            ,7,1.9594,2012-01-01
litwr0000094            ,7,1.9594,2012-01-01
litwr0000095            ,7,1.9594,2012-01-01
litwr0000096            ,7,5.8935,2012-01-01
litwr0000097            ,7,5.8935,2012-01-01
litwr0000098            ,7,5.8935,2012-01-01
litwr0000099            ,7,5.8935,2012-01-01
litwr0000112            ,7,11.7947,2012-01-01
litwr0000113            ,7,11.7947,2012-01-01
litwr0000114            ,7,11.7947,2012-01-01
litwr0000115            ,7,11.7947,2012-01-01
litwr0000116            ,7,12.1881,2012-01-01
litwr0000117            ,7,12.1881,2012-01-01
litwr0000118            ,7,12.1881,2012-01-01
litwr0000119            ,7,12.1881,2012-01-01
litwr0000120            ,7,12.1881,2012-01-01
litwr0000133            ,7,141.899,2012-01-01
litwr0000134            ,7,141.899,2012-01-01
litwr0000135            ,7,141.899,2012-01-01
litwr0000136            ,7,141.899,2012-01-01
ctoso0000036            ,7,5.8935,2012-01-01
ctoso0000037            ,7,5.8935,2012-01-01
ctoso0000038            ,7,5.8935,2012-01-01
ctoso0000039            ,7,9.8276,2012-01-01
ctoso0000040            ,7,9.8276,2012-01-01
ctoso0000041            ,7,9.8276,2012-01-01
ctoso0000042            ,7,1.1571,2012-01-01
ctoso0000050            ,7,3.9264,2012-01-01
ctoso0000051            ,7,3.9264,2012-01-01
ctoso0000052            ,7,3.9264,2012-01-01
ctoso0000053            ,7,3.9264,2012-01-01
ctoso0000054            ,7,1.8668,2012-01-01
ctoso0000055            ,7,1.8668,2012-01-01
ctoso0000056            ,7,1.8668,2012-01-01
ctoso0000057            ,7,1.5968,2012-01-01
ctoso0000058            ,7,1.5968,2012-01-01
ctoso0000059            ,7,1.5968,2012-01-01
ctoso0000063            ,7,1.3191,2012-01-01
ctoso0000064            ,7,1.3191,2012-01-01
ctoso0000065            ,7,1.3191,2012-01-01
