Brand_ID,CurrencyKey,UnitPrice,SCD_EffectiveDate
ctoso0000273            ,7,10.0205,2012-01-01
ctoso0000274            ,7,10.0205,2012-01-01
ctoso0000275            ,7,11.2007,2012-01-01
ctoso0000276            ,7,16.6391,2012-01-01
ctoso0000277            ,7,16.6391,2012-01-01
ctoso0000278            ,7,16.6391,2012-01-01
ctoso0000279            ,7,16.6391,2012-01-01
ctoso0000280            ,7,46.2763,2012-01-01
ctoso0000281            ,7,46.2763,2012-01-01
ctoso0000282            ,7,46.2763,2012-01-01
ctoso0000283            ,7,46.2763,2012-01-01
ctoso0000284            ,7,59.9224,2012-01-01
ctoso0000285            ,7,59.9224,2012-01-01
ctoso0000286            ,7,59.9224,2012-01-01
ctoso0000287            ,7,59.9224,2012-01-01
ctoso0000309            ,7,230.826,2012-01-01
ctoso0000310            ,7,230.826,2012-01-01
ctoso0000311            ,7,230.826,2012-01-01
ctoso0000312            ,7,230.826,2012-01-01
wwim 0000001            ,7,115.6714,2012-01-01
wwim 0000002            ,7,115.6714,2012-01-01
wwim 0000003            ,7,115.6714,2012-01-01
wwim 0000004            ,7,154.2414,2012-01-01
wwim 0000005            ,7,154.2414,2012-01-01
wwim 0000006            ,7,154.2414,2012-01-01
wwim 0000007            ,7,154.2414,2012-01-01
ntrad0000001            ,7,19.8173,2012-01-01
ntrad0000002            ,7,19.8173,2012-01-01
ntrad0000003            ,7,19.8173,2012-01-01
ntrad0000004            ,7,19.8173,2012-01-01
ntrad0000005            ,7,36.9886,2012-01-01
ntrad0000006            ,7,36.9886,2012-01-01
ntrad0000007            ,7,36.9886,2012-01-01
ntrad0000008            ,7,36.9886,2012-01-01
ntrad0000010            ,7,29.2746,2012-01-01
ntrad0000011            ,7,29.2746,2012-01-01
ntrad0000012            ,7,29.2746,2012-01-01
wwim 0000021            ,7,51.9924,2012-01-01
wwim 0000022            ,7,51.9924,2012-01-01
wwim 0000023            ,7,51.9924,2012-01-01
wwim 0000024            ,7,51.9924,2012-01-01
wwim 0000025            ,7,51.9924,2012-01-01
advwk0000001            ,7,131.1303,2012-01-01
advwk0000002            ,7,131.1303,2012-01-01
advwk0000003            ,7,131.1303,2012-01-01
advwk0000004            ,7,92.5603,2012-01-01
advwk0000005            ,7,92.5603,2012-01-01
advwk0000006            ,7,92.5603,2012-01-01
advwk0000007            ,7,215.9843,2012-01-01
advwk0000008            ,7,215.9843,2012-01-01
advwk0000009            ,7,215.9843,2012-01-01
advwk0000010            ,7,110.6188,2012-01-01
advwk0000011            ,7,110.6188,2012-01-01
advwk0000012            ,7,110.6188,2012-01-01
advwk0000013            ,7,110.6188,2012-01-01
advwk0000014            ,7,154.28,2012-01-01
advwk0000015            ,7,154.28,2012-01-01
advwk0000016            ,7,154.28,2012-01-01
advwk0000017            ,7,154.28,2012-01-01
advwk0000018            ,7,269.9514,2012-01-01
advwk0000019            ,7,269.9514,2012-01-01
advwk0000020            ,7,269.9514,2012-01-01
advwk0000021            ,7,269.9514,2012-01-01
advwk0000038            ,7,362.5349,2012-01-01
advwk0000039            ,7,362.5349,2012-01-01
advwk0000040            ,7,362.5349,2012-01-01
advwk0000041            ,7,362.5349,2012-01-01
advwk0000050            ,7,588.9716,2012-01-01
svido0000048            ,7,53.2266,2012-01-01
svido0000050            ,7,91.7966,2012-01-01
svido0000051            ,7,84.0826,2012-01-01
svido0000057            ,7,97.8907,2012-01-01
svido0000058            ,7,43.8927,2012-01-01
svido0000059            ,7,50.9124,2012-01-01
svido0000061            ,7,53.2266,2012-01-01
svido0000063            ,7,91.7966,2012-01-01
svido0000064            ,7,84.0826,2012-01-01
svido0000070            ,7,97.8907,2012-01-01
svido0000071            ,7,43.8927,2012-01-01
svido0000072            ,7,50.9124,2012-01-01
litwr0000219            ,7,230.6486,2012-01-01
litwr0000221            ,7,208.2009,2012-01-01
litwr0000222            ,7,231.3429,2012-01-01
litwr0000227            ,7,531.4946,2012-01-01
litwr0000231            ,7,438.9266,2012-01-01
litwr0000235            ,7,230.6486,2012-01-01
litwr0000237            ,7,208.2009,2012-01-01
litwr0000238            ,7,231.3429,2012-01-01
litwr0000243            ,7,531.4946,2012-01-01
litwr0000247            ,7,438.9266,2012-01-01
litwr0000251            ,7,230.6486,2012-01-01
litwr0000253            ,7,208.2009,2012-01-01
litwr0000254            ,7,231.3429,2012-01-01
litwr0000259            ,7,531.4946,2012-01-01
litwr0000263            ,7,438.9266,2012-01-01
ctoso0000318            ,7,230.6486,2012-01-01
ctoso0000319            ,7,253.7906,2012-01-01
ctoso0000320            ,7,685.7746,2012-01-01
ctoso0000321            ,7,315.5026,2012-01-01
ctoso0000322            ,7,330.9306,2012-01-01
ctoso0000324            ,7,253.7906,2012-01-01
ctoso0000326            ,7,307.7886,2012-01-01
ctoso0000327            ,7,153.5086,2012-01-01
ctoso0000329            ,7,370.272,2012-01-01
ctoso0000331            ,7,230.6486,2012-01-01
ctoso0000332            ,7,253.7906,2012-01-01
ctoso0000333            ,7,685.7746,2012-01-01
ctoso0000334            ,7,315.5026,2012-01-01
ctoso0000335            ,7,330.9306,2012-01-01
ctoso0000337            ,7,253.7906,2012-01-01
ctoso0000339            ,7,307.7886,2012-01-01
ctoso0000340            ,7,153.5086,2012-01-01
ctoso0000342            ,7,370.272,2012-01-01
ctoso0000344            ,7,230.6486,2012-01-01
ctoso0000345            ,7,253.7906,2012-01-01
ctoso0000346            ,7,685.7746,2012-01-01
ctoso0000347            ,7,315.5026,2012-01-01
ctoso0000348            ,7,330.9306,2012-01-01
ctoso0000350            ,7,253.7906,2012-01-01
ctoso0000352            ,7,307.7886,2012-01-01
ctoso0000353            ,7,153.5086,2012-01-01
ctoso0000355            ,7,370.272,2012-01-01
ctoso0000357            ,7,230.6486,2012-01-01
ctoso0000358            ,7,253.7906,2012-01-01
ctoso0000359            ,7,685.7746,2012-01-01
ctoso0000360            ,7,315.5026,2012-01-01
ctoso0000361            ,7,330.9306,2012-01-01
ctoso0000363            ,7,253.7906,2012-01-01
ctoso0000365            ,7,307.7886,2012-01-01
ctoso0000366            ,7,153.5086,2012-01-01
ctoso0000368            ,7,370.272,2012-01-01
svido0000001            ,7,385.70,2012-01-01
svido0000002            ,7,384.9286,2012-01-01
svido0000003            ,7,230.6486,2012-01-01
svido0000004            ,7,215.2206,2012-01-01
svido0000005            ,7,199.7926,2012-01-01
svido0000006            ,7,207.5066,2012-01-01
svido0000007            ,7,238.3626,2012-01-01
svido0000008            ,7,153.5086,2012-01-01
svido0000009            ,7,168.9366,2012-01-01
svido0000010            ,7,246.0766,2012-01-01
svido0000013            ,7,539.2086,2012-01-01
svido0000014            ,7,253.7906,2012-01-01
svido0000015            ,7,284.6466,2012-01-01
svido0000016            ,7,284.6466,2012-01-01
svido0000017            ,7,385.70,2012-01-01
svido0000018            ,7,384.9286,2012-01-01
svido0000019            ,7,230.6486,2012-01-01
svido0000020            ,7,215.2206,2012-01-01
svido0000021            ,7,199.7926,2012-01-01
svido0000022            ,7,207.5066,2012-01-01
svido0000023            ,7,238.3626,2012-01-01
svido0000024            ,7,153.5086,2012-01-01
svido0000025            ,7,168.9366,2012-01-01
svido0000026            ,7,246.0766,2012-01-01
svido0000029            ,7,539.2086,2012-01-01
svido0000030            ,7,253.7906,2012-01-01
svido0000031            ,7,284.6466,2012-01-01
svido0000032            ,7,284.6466,2012-01-01
svido0000033            ,7,385.70,2012-01-01
svido0000034            ,7,384.9286,2012-01-01
svido0000035            ,7,230.6486,2012-01-01
svido0000036            ,7,215.2206,2012-01-01
svido0000037            ,7,199.7926,2012-01-01
svido0000038            ,7,207.5066,2012-01-01
svido0000039            ,7,238.3626,2012-01-01
svido0000040            ,7,153.5086,2012-01-01
svido0000041            ,7,168.9366,2012-01-01
svido0000042            ,7,246.0766,2012-01-01
svido0000045            ,7,539.2086,2012-01-01
svido0000046            ,7,253.7906,2012-01-01
fabrk0000140            ,7,924.9086,2012-01-01
fabrk0000141            ,7,678.7549,2012-01-01
fabrk0000142            ,7,631.7766,2012-01-01
fabrk0000143            ,7,745.9438,2012-01-01
fabrk0000144            ,7,462.0686,2012-01-01
fabrk0000145            ,7,847.7686,2012-01-01
fabrk0000146            ,7,282.3324,2012-01-01
fabrk0000147            ,7,539.2086,2012-01-01
fabrk0000148            ,7,508.3526,2012-01-01
fabrk0000149            ,7,452.0404,2012-01-01
fabrk0000150            ,7,584.7212,2012-01-01
fabrk0000151            ,7,295.4462,2012-01-01
fabrk0000152            ,7,307.7886,2012-01-01
fabrk0000153            ,7,259.1904,2012-01-01
fabrk0000154            ,7,246.848,2012-01-01
fabrk0000155            ,7,296.9119,2012-01-01
fabrk0000156            ,7,295.4076,2012-01-01
fabrk0000157            ,7,280.4039,2012-01-01
fabrk0000158            ,7,352.4527,2012-01-01
fabrk0000159            ,7,254.562,2012-01-01
fabrk0000160            ,7,251.4764,2012-01-01
fabrk0000161            ,7,283.8752,2012-01-01
fabrk0000162            ,7,293.132,2012-01-01
fabrk0000163            ,7,300.0746,2012-01-01
advwk0000051            ,7,1002.0486,2012-01-01
advwk0000052            ,7,539.2086,2012-01-01
advwk0000053            ,7,295.4076,2012-01-01
advwk0000054            ,7,462.0686,2012-01-01
advwk0000055            ,7,584.7212,2012-01-01
advwk0000056            ,7,251.4764,2012-01-01
advwk0000057            ,7,1002.0486,2012-01-01
advwk0000058            ,7,539.2086,2012-01-01
advwk0000059            ,7,295.4076,2012-01-01
advwk0000060            ,7,462.0686,2012-01-01
advwk0000061            ,7,584.7212,2012-01-01
advwk0000062            ,7,251.4764,2012-01-01
advwk0000063            ,7,1002.0486,2012-01-01
advwk0000064            ,7,539.2086,2012-01-01
advwk0000065            ,7,295.4076,2012-01-01
advwk0000066            ,7,462.0686,2012-01-01
advwk0000067            ,7,584.7212,2012-01-01
advwk0000068            ,7,251.4764,2012-01-01
advwk0000069            ,7,1002.0486,2012-01-01
advwk0000070            ,7,539.2086,2012-01-01
advwk0000071            ,7,295.4076,2012-01-01
advwk0000072            ,7,462.0686,2012-01-01
advwk0000073            ,7,584.7212,2012-01-01
advwk0000074            ,7,251.4764,2012-01-01
advwk0000075            ,7,1002.0486,2012-01-01
advwk0000076            ,7,539.2086,2012-01-01
advwk0000077            ,7,295.4076,2012-01-01
advwk0000078            ,7,462.0686,2012-01-01
wwim 0000120            ,7,1002.0486,2012-01-01
wwim 0000121            ,7,539.2086,2012-01-01
wwim 0000122            ,7,295.4076,2012-01-01
wwim 0000123            ,7,462.0686,2012-01-01
wwim 0000124            ,7,584.7212,2012-01-01
wwim 0000125            ,7,251.4764,2012-01-01
wwim 0000126            ,7,1002.0486,2012-01-01
wwim 0000127            ,7,539.2086,2012-01-01
wwim 0000128            ,7,295.4076,2012-01-01
wwim 0000129            ,7,462.0686,2012-01-01
wwim 0000130            ,7,584.7212,2012-01-01
wwim 0000131            ,7,251.4764,2012-01-01
wwim 0000132            ,7,1002.0486,2012-01-01
wwim 0000133            ,7,539.2086,2012-01-01
pware0000041            ,7,1002.0486,2012-01-01
pware0000042            ,7,539.2086,2012-01-01
pware0000043            ,7,295.4076,2012-01-01
pware0000044            ,7,462.0686,2012-01-01
pware0000045            ,7,584.7212,2012-01-01
pware0000046            ,7,251.4764,2012-01-01
pware0000047            ,7,1002.0486,2012-01-01
pware0000048            ,7,539.2086,2012-01-01
pware0000049            ,7,295.4076,2012-01-01
pware0000050            ,7,462.0686,2012-01-01
pware0000051            ,7,584.7212,2012-01-01
pware0000052            ,7,251.4764,2012-01-01
advwk0000081            ,7,208.2394,2012-01-01
advwk0000082            ,7,284.6466,2012-01-01
advwk0000083            ,7,385.6229,2012-01-01
advwk0000084            ,7,361.7866,2012-01-01
advwk0000087            ,7,208.2394,2012-01-01
advwk0000088            ,7,284.6466,2012-01-01
advwk0000089            ,7,385.6229,2012-01-01
advwk0000090            ,7,361.7866,2012-01-01
advwk0000093            ,7,208.2394,2012-01-01
advwk0000094            ,7,284.6466,2012-01-01
advwk0000095            ,7,385.6229,2012-01-01
advwk0000098            ,7,208.2394,2012-01-01
advwk0000099            ,7,284.6466,2012-01-01
advwk0000100            ,7,385.6229,2012-01-01
wwim 0000099            ,7,169.6694,2012-01-01
wwim 0000100            ,7,177.3449,2012-01-01
wwim 0000101            ,7,208.2009,2012-01-01
wwim 0000102            ,7,269.2186,2012-01-01
wwim 0000105            ,7,169.6694,2012-01-01
wwim 0000106            ,7,177.3449,2012-01-01
wwim 0000107            ,7,208.2009,2012-01-01
wwim 0000108            ,7,269.2186,2012-01-01
wwim 0000111            ,7,169.6694,2012-01-01
wwim 0000112            ,7,177.3449,2012-01-01
wwim 0000113            ,7,208.2009,2012-01-01
wwim 0000116            ,7,169.6694,2012-01-01
wwim 0000117            ,7,177.3449,2012-01-01
wwim 0000118            ,7,208.2009,2012-01-01
wwim 0000119            ,7,231.3429,2012-01-01
pware0000122            ,7,107.2246,2012-01-01
pware0000123            ,7,138.0806,2012-01-01
pware0000124            ,7,76.3686,2012-01-01
pware0000125            ,7,99.5106,2012-01-01
pware0000126            ,7,76.3686,2012-01-01
pware0000127            ,7,53.2266,2012-01-01
pware0000128            ,7,45.5126,2012-01-01
pware0000129            ,7,37.7986,2012-01-01
pware0000136            ,7,107.2246,2012-01-01
pware0000137            ,7,138.0806,2012-01-01
pware0000138            ,7,76.3686,2012-01-01
pware0000139            ,7,99.5106,2012-01-01
pware0000140            ,7,76.3686,2012-01-01
pware0000141            ,7,53.2266,2012-01-01
pware0000142            ,7,45.5126,2012-01-01
pware0000143            ,7,37.7986,2012-01-01
advwk0000102            ,7,670.3466,2012-01-01
advwk0000107            ,7,107.2246,2012-01-01
advwk0000108            ,7,138.0806,2012-01-01
advwk0000109            ,7,76.3686,2012-01-01
advwk0000110            ,7,99.5106,2012-01-01
advwk0000111            ,7,76.3686,2012-01-01
advwk0000112            ,7,53.2266,2012-01-01
advwk0000113            ,7,45.5126,2012-01-01
advwk0000114            ,7,69.426,2012-01-01
advwk0000116            ,7,670.3466,2012-01-01
advwk0000121            ,7,107.2246,2012-01-01
advwk0000122            ,7,138.0806,2012-01-01
advwk0000123            ,7,76.3686,2012-01-01
advwk0000124            ,7,99.5106,2012-01-01
advwk0000125            ,7,76.3686,2012-01-01
advwk0000126            ,7,53.2266,2012-01-01
advwk0000127            ,7,45.5126,2012-01-01
advwk0000128            ,7,69.426,2012-01-01
wwim 0000075            ,7,631.7766,2012-01-01
wwim 0000081            ,7,107.2246,2012-01-01
wwim 0000082            ,7,138.0806,2012-01-01
wwim 0000083            ,7,76.3686,2012-01-01
wwim 0000084            ,7,99.5106,2012-01-01
wwim 0000085            ,7,76.3686,2012-01-01
wwim 0000086            ,7,631.7766,2012-01-01
wwim 0000092            ,7,107.2246,2012-01-01
wwim 0000093            ,7,138.0806,2012-01-01
wwim 0000094            ,7,76.3686,2012-01-01
wwim 0000095            ,7,99.5106,2012-01-01
wwim 0000096            ,7,76.3686,2012-01-01
pware0000080            ,7,1770.363,2012-01-01
pware0000081            ,7,1927.7286,2012-01-01
pware0000082            ,7,539.2086,2012-01-01
pware0000083            ,7,770.6286,2012-01-01
pware0000084            ,7,176.6506,2012-01-01
pware0000085            ,7,384.9286,2012-01-01
pware0000089            ,7,146.566,2012-01-01
pware0000090            ,7,107.2246,2012-01-01
pware0000091            ,7,84.0826,2012-01-01
pware0000092            ,7,1770.363,2012-01-01
pware0000093            ,7,1927.7286,2012-01-01
pware0000094            ,7,539.2086,2012-01-01
pware0000095            ,7,770.6286,2012-01-01
pware0000096            ,7,176.6506,2012-01-01
pware0000097            ,7,384.9286,2012-01-01
pware0000101            ,7,146.566,2012-01-01
pware0000102            ,7,107.2246,2012-01-01
pware0000103            ,7,84.0826,2012-01-01
pware0000104            ,7,1770.363,2012-01-01
pware0000105            ,7,1927.7286,2012-01-01
pware0000106            ,7,539.2086,2012-01-01
pware0000107            ,7,770.6286,2012-01-01
pware0000108            ,7,176.6506,2012-01-01
pware0000109            ,7,384.9286,2012-01-01
pware0000113            ,7,146.566,2012-01-01
pware0000114            ,7,107.2246,2012-01-01
pware0000115            ,7,84.0826,2012-01-01
ctoso0000237            ,7,1770.363,2012-01-01
ctoso0000239            ,7,539.2086,2012-01-01
ctoso0000240            ,7,770.6286,2012-01-01
ctoso0000241            ,7,176.6506,2012-01-01
ctoso0000242            ,7,384.9286,2012-01-01
ctoso0000246            ,7,146.566,2012-01-01
ctoso0000247            ,7,107.2246,2012-01-01
ctoso0000248            ,7,84.0826,2012-01-01
ctoso0000249            ,7,1770.363,2012-01-01
ctoso0000251            ,7,539.2086,2012-01-01
ctoso0000252            ,7,770.6286,2012-01-01
ctoso0000253            ,7,176.6506,2012-01-01
ctoso0000254            ,7,384.9286,2012-01-01
ctoso0000258            ,7,146.566,2012-01-01
ctoso0000259            ,7,107.2246,2012-01-01
ctoso0000260            ,7,84.0826,2012-01-01
ctoso0000261            ,7,1770.363,2012-01-01
ctoso0000263            ,7,539.2086,2012-01-01
ctoso0000264            ,7,770.6286,2012-01-01
ctoso0000265            ,7,176.6506,2012-01-01
ctoso0000266            ,7,384.9286,2012-01-01
ctoso0000270            ,7,146.566,2012-01-01
ctoso0000271            ,7,107.2246,2012-01-01
ctoso0000272            ,7,84.0826,2012-01-01
wwim 0000046            ,7,539.2086,2012-01-01
wwim 0000047            ,7,770.6286,2012-01-01
wwim 0000048            ,7,176.6506,2012-01-01
wwim 0000049            ,7,384.9286,2012-01-01
wwim 0000053            ,7,146.566,2012-01-01
wwim 0000054            ,7,107.2246,2012-01-01
wwim 0000057            ,7,539.2086,2012-01-01
wwim 0000058            ,7,770.6286,2012-01-01
wwim 0000059            ,7,176.6506,2012-01-01
wwim 0000060            ,7,384.9286,2012-01-01
wwim 0000064            ,7,146.566,2012-01-01
wwim 0000065            ,7,107.2246,2012-01-01
wwim 0000068            ,7,539.2086,2012-01-01
wwim 0000069            ,7,770.6286,2012-01-01
wwim 0000070            ,7,176.6506,2012-01-01
wwim 0000071            ,7,384.9286,2012-01-01
pware0000144            ,7,122.6526,2012-01-01
pware0000145            ,7,130.3666,2012-01-01
pware0000146            ,7,60.9406,2012-01-01
pware0000148            ,7,168.9366,2012-01-01
pware0000150            ,7,60.9406,2012-01-01
pware0000151            ,7,70.1974,2012-01-01
pware0000152            ,7,60.1692,2012-01-01
pware0000153            ,7,89.4824,2012-01-01
pware0000154            ,7,93.3394,2012-01-01
pware0000155            ,7,104.9104,2012-01-01
pware0000156            ,7,99.5106,2012-01-01
pware0000157            ,7,123.424,2012-01-01
pware0000160            ,7,161.2226,2012-01-01
pware0000162            ,7,122.6526,2012-01-01
pware0000163            ,7,175.8792,2012-01-01
pware0000164            ,7,182.0504,2012-01-01
pware0000165            ,7,191.3072,2012-01-01
pware0000166            ,7,176.6506,2012-01-01
pware0000167            ,7,78.6828,2012-01-01
pware0000168            ,7,125.7382,2012-01-01
pware0000169            ,7,146.566,2012-01-01
pware0000170            ,7,113.3958,2012-01-01
pware0000171            ,7,145.0232,2012-01-01
pware0000172            ,7,151.1944,2012-01-01
pware0000173            ,7,122.6526,2012-01-01
pware0000174            ,7,130.3666,2012-01-01
pware0000175            ,7,60.9406,2012-01-01
pware0000177            ,7,168.9366,2012-01-01
pware0000179            ,7,60.9406,2012-01-01
pware0000180            ,7,70.1974,2012-01-01
pware0000181            ,7,60.1692,2012-01-01
pware0000182            ,7,89.4824,2012-01-01
pware0000183            ,7,93.3394,2012-01-01
pware0000184            ,7,104.9104,2012-01-01
pware0000185            ,7,99.5106,2012-01-01
pware0000186            ,7,123.424,2012-01-01
pware0000189            ,7,161.2226,2012-01-01
pware0000191            ,7,122.6526,2012-01-01
pware0000192            ,7,175.8792,2012-01-01
pware0000193            ,7,182.0504,2012-01-01
pware0000194            ,7,191.3072,2012-01-01
pware0000195            ,7,176.6506,2012-01-01
pware0000196            ,7,78.6828,2012-01-01
pware0000197            ,7,125.7382,2012-01-01
pware0000198            ,7,146.566,2012-01-01
pware0000199            ,7,113.3958,2012-01-01
pware0000200            ,7,145.0232,2012-01-01
pware0000201            ,7,151.1944,2012-01-01
pware0000202            ,7,122.6526,2012-01-01
pware0000203            ,7,130.3666,2012-01-01
pware0000204            ,7,60.9406,2012-01-01
pware0000206            ,7,168.9366,2012-01-01
pware0000208            ,7,60.9406,2012-01-01
pware0000209            ,7,70.1974,2012-01-01
pware0000210            ,7,60.1692,2012-01-01
pware0000211            ,7,89.4824,2012-01-01
pware0000212            ,7,93.3394,2012-01-01
pware0000213            ,7,104.9104,2012-01-01
pware0000214            ,7,99.5106,2012-01-01
pware0000215            ,7,123.424,2012-01-01
pware0000218            ,7,161.2226,2012-01-01
pware0000220            ,7,122.6526,2012-01-01
pware0000221            ,7,175.8792,2012-01-01
pware0000222            ,7,182.0504,2012-01-01
pware0000223            ,7,191.3072,2012-01-01
pware0000224            ,7,176.6506,2012-01-01
pware0000225            ,7,78.6828,2012-01-01
pware0000226            ,7,125.7382,2012-01-01
pware0000227            ,7,146.566,2012-01-01
pware0000228            ,7,113.3958,2012-01-01
pware0000229            ,7,145.0232,2012-01-01
pware0000230            ,7,151.1944,2012-01-01
pware0000231            ,7,93.3394,2012-01-01
pware0000232            ,7,104.9104,2012-01-01
pware0000233            ,7,99.5106,2012-01-01
pware0000235            ,7,121.8812,2012-01-01
pware0000238            ,7,91.0252,2012-01-01
pware0000239            ,7,122.6526,2012-01-01
pware0000241            ,7,182.0504,2012-01-01
pware0000244            ,7,78.6828,2012-01-01
ctoso0000402            ,7,9.9896,2012-01-01
ctoso0000403            ,7,30.7789,2012-01-01
ctoso0000404            ,7,15.3894,2012-01-01
ctoso0000405            ,7,12.7281,2012-01-01
ctoso0000406            ,7,9.9896,2012-01-01
ctoso0000407            ,7,10.4139,2012-01-01
ctoso0000409            ,7,7.3283,2012-01-01
ctoso0000410            ,7,8.8711,2012-01-01
ctoso0000411            ,7,7.3283,2012-01-01
ctoso0000412            ,7,8.8711,2012-01-01
ctoso0000413            ,7,23.0649,2012-01-01
ctoso0000414            ,7,19.6707,2012-01-01
ctoso0000415            ,7,23.0649,2012-01-01
ctoso0000416            ,7,21.5221,2012-01-01
ctoso0000418            ,7,9.1797,2012-01-01
ctoso0000420            ,7,13.0367,2012-01-01
ctoso0000422            ,7,18.4365,2012-01-01
ctoso0000425            ,7,15.3509,2012-01-01
ctoso0000426            ,7,11.9567,2012-01-01
ctoso0000430            ,7,12.2653,2012-01-01
ctoso0000431            ,7,9.1797,2012-01-01
ctoso0000436            ,7,10.7225,2012-01-01
ctoso0000437            ,7,9.9896,2012-01-01
ctoso0000438            ,7,30.7789,2012-01-01
ctoso0000439            ,7,15.3894,2012-01-01
ctoso0000440            ,7,12.7281,2012-01-01
ctoso0000441            ,7,9.9896,2012-01-01
ctoso0000442            ,7,10.4139,2012-01-01
ctoso0000444            ,7,7.3283,2012-01-01
ctoso0000445            ,7,8.8711,2012-01-01
ctoso0000446            ,7,7.3283,2012-01-01
ctoso0000447            ,7,8.8711,2012-01-01
ctoso0000448            ,7,23.0649,2012-01-01
ctoso0000449            ,7,19.6707,2012-01-01
ctoso0000450            ,7,23.0649,2012-01-01
ctoso0000451            ,7,21.5221,2012-01-01
ctoso0000453            ,7,9.1797,2012-01-01
ctoso0000455            ,7,13.0367,2012-01-01
ctoso0000457            ,7,18.4365,2012-01-01
ctoso0000460            ,7,15.3509,2012-01-01
ctoso0000461            ,7,11.9567,2012-01-01
ctoso0000465            ,7,12.2653,2012-01-01
ctoso0000466            ,7,9.1797,2012-01-01
ctoso0000467            ,7,9.9896,2012-01-01
ctoso0000468            ,7,30.7789,2012-01-01
ctoso0000469            ,7,15.3894,2012-01-01
ctoso0000470            ,7,12.7281,2012-01-01
ctoso0000471            ,7,9.9896,2012-01-01
ctoso0000472            ,7,10.4139,2012-01-01
ctoso0000474            ,7,7.3283,2012-01-01
ctoso0000475            ,7,8.8711,2012-01-01
ctoso0000476            ,7,7.3283,2012-01-01
ctoso0000477            ,7,8.8711,2012-01-01
ctoso0000478            ,7,23.0649,2012-01-01
ctoso0000479            ,7,19.6707,2012-01-01
ctoso0000480            ,7,23.0649,2012-01-01
ctoso0000481            ,7,21.5221,2012-01-01
ctoso0000483            ,7,9.1797,2012-01-01
ctoso0000485            ,7,13.0367,2012-01-01
ctoso0000487            ,7,18.4365,2012-01-01
ctoso0000490            ,7,15.3509,2012-01-01
ctoso0000491            ,7,11.9567,2012-01-01
ctoso0000495            ,7,12.2653,2012-01-01
ctoso0000496            ,7,9.1797,2012-01-01
ctoso0000501            ,7,20.7507,2012-01-01
ctoso0000502            ,7,20.7507,2012-01-01
ctoso0000503            ,7,20.7507,2012-01-01
ctoso0000504            ,7,20.7507,2012-01-01
ctoso0000505            ,7,12.0338,2012-01-01
ctoso0000507            ,7,12.0338,2012-01-01
ctoso0000508            ,7,12.0338,2012-01-01
ctoso0000522            ,7,39.3337,2012-01-01
ctoso0000523            ,7,39.3337,2012-01-01
ctoso0000524            ,7,39.3337,2012-01-01
ctoso0000528            ,7,53.9903,2012-01-01
ctoso0000538            ,7,10.0282,2012-01-01
ctoso0000539            ,7,10.0282,2012-01-01
ctoso0000540            ,7,10.0282,2012-01-01
ctoso0000541            ,7,10.0282,2012-01-01
ctoso0000546            ,7,38.57,2012-01-01
ctoso0000547            ,7,38.57,2012-01-01
ctoso0000548            ,7,38.57,2012-01-01
ctoso0000549            ,7,38.57,2012-01-01
svido0000077            ,7,32.1905,2012-01-01
svido0000078            ,7,32.1905,2012-01-01
svido0000079            ,7,32.1905,2012-01-01
svido0000080            ,7,32.1905,2012-01-01
svido0000081            ,7,33.9416,2012-01-01
svido0000082            ,7,33.9416,2012-01-01
svido0000083            ,7,33.9416,2012-01-01
svido0000084            ,7,33.9416,2012-01-01
svido0000085            ,7,58.6187,2012-01-01
svido0000086            ,7,58.6187,2012-01-01
svido0000087            ,7,58.6187,2012-01-01
svido0000088            ,7,58.6187,2012-01-01
svido0000089            ,7,78.6828,2012-01-01
svido0000090            ,7,78.6828,2012-01-01
svido0000091            ,7,78.6828,2012-01-01
svido0000092            ,7,78.6828,2012-01-01
svido0000109            ,7,26.2199,2012-01-01
svido0000110            ,7,26.2199,2012-01-01
svido0000111            ,7,26.2199,2012-01-01
svido0000112            ,7,26.2199,2012-01-01
svido0000113            ,7,42.427,2012-01-01
svido0000114            ,7,42.427,2012-01-01
svido0000115            ,7,42.427,2012-01-01
svido0000116            ,7,60.9406,2012-01-01
svido0000117            ,7,60.9406,2012-01-01
svido0000118            ,7,60.9406,2012-01-01
svido0000119            ,7,60.9406,2012-01-01
svido0000123            ,7,32.3911,2012-01-01
svido0000124            ,7,32.3911,2012-01-01
svido0000125            ,7,32.3911,2012-01-01
adatm0000003            ,7,114.1672,2012-01-01
adatm0000004            ,7,127.281,2012-01-01
adatm0000005            ,7,145.0232,2012-01-01
adatm0000006            ,7,206.7352,2012-01-01
adatm0000008            ,7,216.7634,2012-01-01
adatm0000009            ,7,142.3233,2012-01-01
adatm0000010            ,7,145.4089,2012-01-01
adatm0000011            ,7,144.1747,2012-01-01
adatm0000012            ,7,151.8887,2012-01-01
adatm0000013            ,7,152.7372,2012-01-01
adatm0000014            ,7,178.1934,2012-01-01
adatm0000015            ,7,99.5106,2012-01-01
adatm0000017            ,7,114.1672,2012-01-01
adatm0000019            ,7,145.0232,2012-01-01
adatm0000021            ,7,223.706,2012-01-01
adatm0000024            ,7,145.4089,2012-01-01
adatm0000025            ,7,144.1747,2012-01-01
adatm0000027            ,7,152.7372,2012-01-01
adatm0000028            ,7,178.1934,2012-01-01
adatm0000029            ,7,99.5106,2012-01-01
adatm0000030            ,7,154.28,2012-01-01
adatm0000031            ,7,114.1672,2012-01-01
adatm0000032            ,7,127.281,2012-01-01
adatm0000033            ,7,145.0232,2012-01-01
adatm0000034            ,7,206.7352,2012-01-01
adatm0000035            ,7,223.706,2012-01-01
adatm0000036            ,7,216.7634,2012-01-01
adatm0000037            ,7,142.3233,2012-01-01
adatm0000038            ,7,145.4089,2012-01-01
adatm0000039            ,7,144.1747,2012-01-01
adatm0000041            ,7,152.7372,2012-01-01
adatm0000042            ,7,178.1934,2012-01-01
adatm0000043            ,7,99.5106,2012-01-01
adatm0000044            ,7,154.28,2012-01-01
adatm0000045            ,7,114.1672,2012-01-01
adatm0000046            ,7,127.281,2012-01-01
adatm0000047            ,7,145.0232,2012-01-01
adatm0000048            ,7,206.7352,2012-01-01
adatm0000050            ,7,216.7634,2012-01-01
adatm0000052            ,7,145.4089,2012-01-01
adatm0000054            ,7,151.8887,2012-01-01
adatm0000057            ,7,99.5106,2012-01-01
adatm0000058            ,7,154.28,2012-01-01
adatm0000060            ,7,127.281,2012-01-01
adatm0000061            ,7,145.0232,2012-01-01
adatm0000062            ,7,206.7352,2012-01-01
adatm0000063            ,7,223.706,2012-01-01
adatm0000064            ,7,216.7634,2012-01-01
adatm0000065            ,7,142.3233,2012-01-01
adatm0000066            ,7,145.4089,2012-01-01
adatm0000067            ,7,144.1747,2012-01-01
adatm0000068            ,7,151.8887,2012-01-01
adatm0000069            ,7,152.7372,2012-01-01
adatm0000070            ,7,178.1934,2012-01-01
adatm0000071            ,7,99.5106,2012-01-01
adatm0000072            ,7,154.28,2012-01-01
adatm0000074            ,7,127.281,2012-01-01
adatm0000075            ,7,145.0232,2012-01-01
adatm0000076            ,7,206.7352,2012-01-01
adatm0000077            ,7,223.706,2012-01-01
adatm0000078            ,7,216.7634,2012-01-01
adatm0000079            ,7,142.3233,2012-01-01
adatm0000080            ,7,145.4089,2012-01-01
adatm0000081            ,7,144.1747,2012-01-01
adatm0000083            ,7,152.7372,2012-01-01
adatm0000085            ,7,99.5106,2012-01-01
adatm0000087            ,7,114.1672,2012-01-01
adatm0000090            ,7,206.7352,2012-01-01
adatm0000091            ,7,223.706,2012-01-01
adatm0000092            ,7,216.7634,2012-01-01
adatm0000093            ,7,142.3233,2012-01-01
adatm0000094            ,7,145.4089,2012-01-01
adatm0000095            ,7,144.1747,2012-01-01
adatm0000096            ,7,151.8887,2012-01-01
adatm0000097            ,7,152.7372,2012-01-01
adatm0000098            ,7,178.1934,2012-01-01
adatm0000099            ,7,152.7372,2012-01-01
adatm0000100            ,7,178.1934,2012-01-01
adatm0000101            ,7,483.6678,2012-01-01
adatm0000102            ,7,453.5832,2012-01-01
adatm0000103            ,7,240.6768,2012-01-01
adatm0000104            ,7,260.7332,2012-01-01
adatm0000105            ,7,329.3878,2012-01-01
adatm0000107            ,7,240.6768,2012-01-01
adatm0000108            ,7,260.7332,2012-01-01
adatm0000109            ,7,483.6678,2012-01-01
adatm0000110            ,7,453.5832,2012-01-01
adatm0000111            ,7,240.6768,2012-01-01
adatm0000112            ,7,260.7332,2012-01-01
adatm0000113            ,7,483.6678,2012-01-01
adatm0000114            ,7,453.5832,2012-01-01
adatm0000116            ,7,260.7332,2012-01-01
adatm0000118            ,7,453.5832,2012-01-01
adatm0000120            ,7,260.7332,2012-01-01
adatm0000123            ,7,240.6768,2012-01-01
adatm0000124            ,7,260.7332,2012-01-01
adatm0000126            ,7,453.5832,2012-01-01
adatm0000127            ,7,240.6768,2012-01-01
adatm0000128            ,7,260.7332,2012-01-01
adatm0000129            ,7,329.3878,2012-01-01
adatm0000130            ,7,453.5832,2012-01-01
adatm0000131            ,7,240.6768,2012-01-01
adatm0000132            ,7,260.7332,2012-01-01
ctoso0000370            ,7,491.3818,2012-01-01
ctoso0000371            ,7,438.1552,2012-01-01
ctoso0000372            ,7,242.2196,2012-01-01
ctoso0000373            ,7,276.1612,2012-01-01
ctoso0000374            ,7,498.3244,2012-01-01
ctoso0000375            ,7,438.1552,2012-01-01
ctoso0000377            ,7,276.1612,2012-01-01
ctoso0000378            ,7,498.3244,2012-01-01
ctoso0000379            ,7,438.1552,2012-01-01
ctoso0000380            ,7,234.5056,2012-01-01
ctoso0000381            ,7,276.1612,2012-01-01
ctoso0000382            ,7,519.1522,2012-01-01
ctoso0000383            ,7,438.1552,2012-01-01
ctoso0000384            ,7,256.1048,2012-01-01
ctoso0000386            ,7,519.1522,2012-01-01
ctoso0000388            ,7,256.1048,2012-01-01
ctoso0000390            ,7,487.5248,2012-01-01
ctoso0000393            ,7,276.1612,2012-01-01
ctoso0000394            ,7,487.5248,2012-01-01
ctoso0000396            ,7,264.5902,2012-01-01
ctoso0000397            ,7,276.1612,2012-01-01
ctoso0000398            ,7,329.3878,2012-01-01
ctoso0000399            ,7,438.1552,2012-01-01
ctoso0000400            ,7,248.3908,2012-01-01
ctoso0000401            ,7,276.1612,2012-01-01
fabrk0000001            ,7,485.2106,2012-01-01
fabrk0000002            ,7,336.4847,2012-01-01
fabrk0000003            ,7,232.9628,2012-01-01
fabrk0000004            ,7,253.0192,2012-01-01
fabrk0000005            ,7,497.553,2012-01-01
fabrk0000006            ,7,336.4847,2012-01-01
fabrk0000007            ,7,257.6476,2012-01-01
fabrk0000009            ,7,497.553,2012-01-01
fabrk0000010            ,7,336.4847,2012-01-01
fabrk0000011            ,7,257.6476,2012-01-01
fabrk0000012            ,7,253.0192,2012-01-01
fabrk0000013            ,7,506.8098,2012-01-01
fabrk0000014            ,7,336.4847,2012-01-01
fabrk0000015            ,7,256.1048,2012-01-01
fabrk0000016            ,7,253.0192,2012-01-01
fabrk0000018            ,7,336.4847,2012-01-01
fabrk0000020            ,7,253.0192,2012-01-01
fabrk0000022            ,7,336.4847,2012-01-01
fabrk0000025            ,7,483.6678,2012-01-01
fabrk0000026            ,7,336.4847,2012-01-01
fabrk0000028            ,7,253.0192,2012-01-01
fabrk0000029            ,7,370.6577,2012-01-01
fabrk0000030            ,7,336.4847,2012-01-01
fabrk0000031            ,7,302.3117,2012-01-01
fabrk0000032            ,7,253.0192,2012-01-01
fabrk0000033            ,7,370.6577,2012-01-01
fabrk0000034            ,7,336.4847,2012-01-01
fabrk0000035            ,7,302.3117,2012-01-01
fabrk0000036            ,7,253.0192,2012-01-01
fabrk0000037            ,7,462.84,2012-01-01
fabrk0000038            ,7,436.6124,2012-01-01
fabrk0000039            ,7,488.2962,2012-01-01
fabrk0000040            ,7,505.267,2012-01-01
fabrk0000041            ,7,325.5308,2012-01-01
fabrk0000042            ,7,333.2448,2012-01-01
fabrk0000043            ,7,317.0454,2012-01-01
fabrk0000044            ,7,316.274,2012-01-01
fabrk0000045            ,7,771.40,2012-01-01
fabrk0000046            ,7,770.6286,2012-01-01
fabrk0000047            ,7,769.8572,2012-01-01
fabrk0000048            ,7,755.972,2012-01-01
fabrk0000053            ,7,686.546,2012-01-01
fabrk0000054            ,7,678.832,2012-01-01
fabrk0000055            ,7,663.404,2012-01-01
fabrk0000056            ,7,655.69,2012-01-01
fabrk0000057            ,7,138.852,2012-01-01
fabrk0000058            ,7,131.138,2012-01-01
fabrk0000059            ,7,127.281,2012-01-01
fabrk0000060            ,7,123.424,2012-01-01
fabrk0000061            ,7,462.84,2012-01-01
fabrk0000062            ,7,436.6124,2012-01-01
fabrk0000063            ,7,488.2962,2012-01-01
fabrk0000064            ,7,505.267,2012-01-01
fabrk0000065            ,7,325.5308,2012-01-01
fabrk0000066            ,7,333.2448,2012-01-01
fabrk0000067            ,7,317.0454,2012-01-01
fabrk0000068            ,7,316.274,2012-01-01
fabrk0000069            ,7,771.40,2012-01-01
fabrk0000070            ,7,770.6286,2012-01-01
fabrk0000071            ,7,769.8572,2012-01-01
fabrk0000072            ,7,755.972,2012-01-01
fabrk0000077            ,7,686.546,2012-01-01
fabrk0000078            ,7,678.832,2012-01-01
fabrk0000079            ,7,663.404,2012-01-01
fabrk0000080            ,7,655.69,2012-01-01
fabrk0000081            ,7,138.852,2012-01-01
fabrk0000082            ,7,131.138,2012-01-01
fabrk0000083            ,7,127.281,2012-01-01
fabrk0000084            ,7,123.424,2012-01-01
fabrk0000085            ,7,462.84,2012-01-01
fabrk0000086            ,7,436.6124,2012-01-01
fabrk0000087            ,7,488.2962,2012-01-01
fabrk0000088            ,7,505.267,2012-01-01
fabrk0000089            ,7,325.5308,2012-01-01
fabrk0000090            ,7,333.2448,2012-01-01
fabrk0000091            ,7,317.0454,2012-01-01
fabrk0000092            ,7,316.274,2012-01-01
fabrk0000093            ,7,771.40,2012-01-01
fabrk0000094            ,7,770.6286,2012-01-01
fabrk0000095            ,7,769.8572,2012-01-01
fabrk0000096            ,7,755.972,2012-01-01
fabrk0000101            ,7,686.546,2012-01-01
fabrk0000102            ,7,678.832,2012-01-01
fabrk0000103            ,7,663.404,2012-01-01
fabrk0000104            ,7,655.69,2012-01-01
fabrk0000105            ,7,138.852,2012-01-01
fabrk0000106            ,7,131.138,2012-01-01
fabrk0000107            ,7,127.281,2012-01-01
fabrk0000108            ,7,123.424,2012-01-01
fabrk0000109            ,7,478.268,2012-01-01
fabrk0000110            ,7,428.8984,2012-01-01
fabrk0000111            ,7,492.1532,2012-01-01
fabrk0000114            ,7,371.8148,2012-01-01
fabrk0000116            ,7,354.844,2012-01-01
fabrk0000117            ,7,794.542,2012-01-01
fabrk0000118            ,7,771.40,2012-01-01
fabrk0000120            ,7,762.1432,2012-01-01
fabrk0000121            ,7,1249.668,2012-01-01
fabrk0000122            ,7,1203.384,2012-01-01
fabrk0000124            ,7,1157.10,2012-01-01
fabrk0000125            ,7,685.0032,2012-01-01
fabrk0000128            ,7,646.4332,2012-01-01
fabrk0000129            ,7,145.0232,2012-01-01
fabrk0000130            ,7,137.3092,2012-01-01
fabrk0000131            ,7,129.5952,2012-01-01
fabrk0000135            ,7,646.4332,2012-01-01
fabrk0000136            ,7,145.0232,2012-01-01
fabrk0000137            ,7,137.3092,2012-01-01
fabrk0000138            ,7,129.5952,2012-01-01
ctoso0000550            ,7,38.5623,2012-01-01
ctoso0000551            ,7,38.5623,2012-01-01
ctoso0000552            ,7,38.5623,2012-01-01
ctoso0000553            ,7,46.2763,2012-01-01
ctoso0000554            ,7,46.2763,2012-01-01
ctoso0000555            ,7,46.2763,2012-01-01
ctoso0000556            ,7,15.4203,2012-01-01
ctoso0000557            ,7,15.4203,2012-01-01
ctoso0000558            ,7,15.4203,2012-01-01
ctoso0000559            ,7,15.4203,2012-01-01
ctoso0000563            ,7,28.5341,2012-01-01
ctoso0000564            ,7,28.5341,2012-01-01
ctoso0000565            ,7,28.5341,2012-01-01
ctoso0000569            ,7,38.5391,2012-01-01
ctoso0000570            ,7,38.5391,2012-01-01
ctoso0000571            ,7,38.5391,2012-01-01
ctoso0000572            ,7,38.5391,2012-01-01
ctoso0000573            ,7,5.3612,2012-01-01
ctoso0000574            ,7,5.3612,2012-01-01
ctoso0000575            ,7,5.3612,2012-01-01
ctoso0000576            ,7,5.3612,2012-01-01
ctoso0000585            ,7,19.2773,2012-01-01
ctoso0000586            ,7,19.2773,2012-01-01
ctoso0000587            ,7,19.2773,2012-01-01
ctoso0000588            ,7,19.2773,2012-01-01
ctoso0000589            ,7,60.1615,2012-01-01
ctoso0000590            ,7,60.1615,2012-01-01
ctoso0000591            ,7,60.1615,2012-01-01
ctoso0000592            ,7,60.1615,2012-01-01
ctoso0000596            ,7,458.983,2012-01-01
ctoso0000599            ,7,19.285,2012-01-01
ctoso0000600            ,7,19.285,2012-01-01
ctoso0000601            ,7,19.285,2012-01-01
ctoso0000602            ,7,19.285,2012-01-01
ctoso0000607            ,7,52.4552,2012-01-01
ctoso0000608            ,7,52.4552,2012-01-01
ctoso0000609            ,7,52.4552,2012-01-01
ctoso0000610            ,7,52.4552,2012-01-01
ctoso0000611            ,7,21.5992,2012-01-01
ctoso0000612            ,7,21.5992,2012-01-01
ctoso0000613            ,7,21.5992,2012-01-01
ctoso0000614            ,7,21.5992,2012-01-01
ctoso0000619            ,7,7.7063,2012-01-01
ctoso0000620            ,7,10.0205,2012-01-01
ctoso0000621            ,7,13.1061,2012-01-01
ctoso0000622            ,7,17.7345,2012-01-01
ctoso0000623            ,7,20.8201,2012-01-01
ctoso0000624            ,7,22.3629,2012-01-01
ctoso0000626            ,7,27.7627,2012-01-01
ctoso0000627            ,7,30.0769,2012-01-01
ctoso0000628            ,7,30.8483,2012-01-01
ctoso0000629            ,7,33.1625,2012-01-01
ctoso0000630            ,7,36.2481,2012-01-01
ctoso0000631            ,7,38.5623,2012-01-01
ctoso0000632            ,7,13.1061,2012-01-01
ctoso0000633            ,7,17.7345,2012-01-01
ctoso0000635            ,7,22.3629,2012-01-01
ctoso0000637            ,7,27.7627,2012-01-01
ctoso0000639            ,7,33.795,2012-01-01
ctoso0000642            ,7,27.7627,2012-01-01
ctoso0000643            ,7,10.9462,2012-01-01
ctoso0000645            ,7,32.3988,2012-01-01
ctoso0000646            ,7,23.9134,2012-01-01
ctoso0000647            ,7,12.3424,2012-01-01
ctoso0000648            ,7,16.9708,2012-01-01
ctoso0000649            ,7,17.7422,2012-01-01
ctoso0000650            ,7,16.1994,2012-01-01
ctoso0000651            ,7,17.7345,2012-01-01
ctoso0000652            ,7,7.7063,2012-01-01
ctoso0000653            ,7,10.0205,2012-01-01
ctoso0000654            ,7,13.1061,2012-01-01
ctoso0000655            ,7,17.7345,2012-01-01
ctoso0000656            ,7,20.8201,2012-01-01
ctoso0000657            ,7,22.3629,2012-01-01
ctoso0000659            ,7,27.7627,2012-01-01
ctoso0000660            ,7,30.0769,2012-01-01
ctoso0000661            ,7,30.8483,2012-01-01
ctoso0000662            ,7,33.1625,2012-01-01
ctoso0000663            ,7,36.2481,2012-01-01
ctoso0000664            ,7,38.5623,2012-01-01
ctoso0000665            ,7,13.1061,2012-01-01
ctoso0000666            ,7,17.7345,2012-01-01
ctoso0000668            ,7,22.3629,2012-01-01
ctoso0000670            ,7,27.7627,2012-01-01
ctoso0000672            ,7,33.795,2012-01-01
ctoso0000675            ,7,27.7627,2012-01-01
ctoso0000676            ,7,10.9462,2012-01-01
ctoso0000678            ,7,32.3988,2012-01-01
ctoso0000679            ,7,23.9134,2012-01-01
ctoso0000680            ,7,12.3424,2012-01-01
ctoso0000681            ,7,16.9708,2012-01-01
ctoso0000682            ,7,17.7422,2012-01-01
ctoso0000683            ,7,16.1994,2012-01-01
ctoso0000684            ,7,17.7345,2012-01-01
ctoso0000685            ,7,7.7063,2012-01-01
ctoso0000686            ,7,10.0205,2012-01-01
ctoso0000687            ,7,13.1061,2012-01-01
ctoso0000688            ,7,17.7345,2012-01-01
ctoso0000689            ,7,20.8201,2012-01-01
ctoso0000690            ,7,22.3629,2012-01-01
ctoso0000692            ,7,27.7627,2012-01-01
ctoso0000693            ,7,30.0769,2012-01-01
ctoso0000694            ,7,30.8483,2012-01-01
ctoso0000695            ,7,33.1625,2012-01-01
ctoso0000696            ,7,36.2481,2012-01-01
ctoso0000697            ,7,38.5623,2012-01-01
ctoso0000698            ,7,13.1061,2012-01-01
ctoso0000699            ,7,17.7345,2012-01-01
ctoso0000701            ,7,22.3629,2012-01-01
ctoso0000703            ,7,27.7627,2012-01-01
ctoso0000705            ,7,33.795,2012-01-01
ctoso0000708            ,7,27.7627,2012-01-01
ctoso0000709            ,7,10.9462,2012-01-01
phoco0000103            ,7,454.3546,2012-01-01
phoco0000104            ,7,177.422,2012-01-01
phoco0000105            ,7,206.7352,2012-01-01
phoco0000106            ,7,222.9346,2012-01-01
phoco0000109            ,7,231.42,2012-01-01
phoco0000110            ,7,237.5912,2012-01-01
phoco0000112            ,7,226.0202,2012-01-01
phoco0000113            ,7,199.0212,2012-01-01
phoco0000114            ,7,153.5086,2012-01-01
phoco0000115            ,7,223.706,2012-01-01
phoco0000116            ,7,232.1914,2012-01-01
phoco0000117            ,7,145.7946,2012-01-01
phoco0000118            ,7,154.28,2012-01-01
phoco0000120            ,7,454.3546,2012-01-01
phoco0000121            ,7,177.422,2012-01-01
phoco0000122            ,7,206.7352,2012-01-01
phoco0000123            ,7,222.9346,2012-01-01
phoco0000126            ,7,231.42,2012-01-01
phoco0000127            ,7,237.5912,2012-01-01
phoco0000129            ,7,226.0202,2012-01-01
phoco0000130            ,7,199.0212,2012-01-01
phoco0000131            ,7,153.5086,2012-01-01
phoco0000132            ,7,223.706,2012-01-01
phoco0000133            ,7,232.1914,2012-01-01
phoco0000134            ,7,145.7946,2012-01-01
phoco0000135            ,7,154.28,2012-01-01
phoco0000137            ,7,454.3546,2012-01-01
phoco0000138            ,7,177.422,2012-01-01
phoco0000139            ,7,206.7352,2012-01-01
phoco0000140            ,7,222.9346,2012-01-01
phoco0000143            ,7,231.42,2012-01-01
phoco0000144            ,7,237.5912,2012-01-01
phoco0000146            ,7,226.0202,2012-01-01
phoco0000147            ,7,199.0212,2012-01-01
phoco0000148            ,7,153.5086,2012-01-01
phoco0000149            ,7,223.706,2012-01-01
phoco0000150            ,7,232.1914,2012-01-01
phoco0000151            ,7,145.7946,2012-01-01
phoco0000152            ,7,154.28,2012-01-01
ctoso0000067            ,7,231.42,2012-01-01
ctoso0000068            ,7,237.5912,2012-01-01
ctoso0000070            ,7,226.0202,2012-01-01
ctoso0000071            ,7,199.0212,2012-01-01
ctoso0000072            ,7,153.5086,2012-01-01
ctoso0000073            ,7,223.706,2012-01-01
ctoso0000074            ,7,232.1914,2012-01-01
ctoso0000075            ,7,145.7946,2012-01-01
ctoso0000076            ,7,154.28,2012-01-01
phoco0000001            ,7,99.5106,2012-01-01
phoco0000005            ,7,160.4512,2012-01-01
phoco0000006            ,7,177.422,2012-01-01
phoco0000008            ,7,205.9638,2012-01-01
phoco0000009            ,7,231.42,2012-01-01
phoco0000010            ,7,239.134,2012-01-01
phoco0000011            ,7,99.5106,2012-01-01
phoco0000015            ,7,160.4512,2012-01-01
phoco0000016            ,7,177.422,2012-01-01
phoco0000018            ,7,205.9638,2012-01-01
phoco0000019            ,7,231.42,2012-01-01
phoco0000020            ,7,239.134,2012-01-01
phoco0000021            ,7,99.5106,2012-01-01
phoco0000025            ,7,160.4512,2012-01-01
phoco0000026            ,7,177.422,2012-01-01
phoco0000028            ,7,205.9638,2012-01-01
phoco0000029            ,7,231.42,2012-01-01
phoco0000030            ,7,239.134,2012-01-01
phoco0000031            ,7,99.5106,2012-01-01
phoco0000035            ,7,160.4512,2012-01-01
phoco0000036            ,7,177.422,2012-01-01
phoco0000038            ,7,205.9638,2012-01-01
phoco0000039            ,7,231.42,2012-01-01
phoco0000040            ,7,239.134,2012-01-01
phoco0000041            ,7,99.5106,2012-01-01
phoco0000045            ,7,160.4512,2012-01-01
phoco0000046            ,7,177.422,2012-01-01
phoco0000048            ,7,205.9638,2012-01-01
phoco0000049            ,7,231.42,2012-01-01
phoco0000050            ,7,239.134,2012-01-01
phoco0000051            ,7,215.992,2012-01-01
phoco0000052            ,7,239.134,2012-01-01
phoco0000053            ,7,293.132,2012-01-01
phoco0000054            ,7,230.6486,2012-01-01
phoco0000055            ,7,254.562,2012-01-01
phoco0000056            ,7,310.1028,2012-01-01
phoco0000058            ,7,206.7352,2012-01-01
phoco0000059            ,7,232.9628,2012-01-01
phoco0000060            ,7,196.707,2012-01-01
phoco0000061            ,7,205.1924,2012-01-01
phoco0000062            ,7,300.0746,2012-01-01
phoco0000063            ,7,215.992,2012-01-01
phoco0000065            ,7,307.0172,2012-01-01
phoco0000066            ,7,206.7352,2012-01-01
phoco0000068            ,7,283.8752,2012-01-01
phoco0000072            ,7,230.6486,2012-01-01
phoco0000073            ,7,254.562,2012-01-01
phoco0000076            ,7,206.7352,2012-01-01
phoco0000078            ,7,196.707,2012-01-01
phoco0000080            ,7,300.0746,2012-01-01
phoco0000081            ,7,215.992,2012-01-01
phoco0000083            ,7,307.0172,2012-01-01
phoco0000084            ,7,206.7352,2012-01-01
phoco0000085            ,7,229.8772,2012-01-01
phoco0000088            ,7,239.134,2012-01-01
phoco0000089            ,7,293.132,2012-01-01
phoco0000090            ,7,230.6486,2012-01-01
phoco0000092            ,7,310.1028,2012-01-01
phoco0000093            ,7,183.5932,2012-01-01
phoco0000095            ,7,232.9628,2012-01-01
phoco0000098            ,7,300.0746,2012-01-01
phoco0000099            ,7,215.992,2012-01-01
svido0000131            ,7,10.0205,2012-01-01
svido0000137            ,7,13.8775,2012-01-01
svido0000138            ,7,10.7147,2012-01-01
svido0000139            ,7,7.7063,2012-01-01
svido0000140            ,7,17.6573,2012-01-01
svido0000141            ,7,9.7659,2012-01-01
svido0000142            ,7,13.8775,2012-01-01
svido0000143            ,7,10.7147,2012-01-01
svido0000144            ,7,7.7063,2012-01-01
svido0000145            ,7,17.6573,2012-01-01
svido0000146            ,7,9.7659,2012-01-01
svido0000147            ,7,13.8775,2012-01-01
svido0000148            ,7,10.7147,2012-01-01
svido0000149            ,7,7.7063,2012-01-01
svido0000150            ,7,17.6573,2012-01-01
svido0000151            ,7,9.7659,2012-01-01
svido0000156            ,7,123.4163,2012-01-01
svido0000157            ,7,138.8443,2012-01-01
svido0000158            ,7,84.8463,2012-01-01
svido0000159            ,7,200.5563,2012-01-01
svido0000160            ,7,223.6983,2012-01-01
svido0000161            ,7,123.4163,2012-01-01
svido0000162            ,7,138.8443,2012-01-01
svido0000163            ,7,84.8463,2012-01-01
svido0000164            ,7,200.5563,2012-01-01
svido0000165            ,7,223.6983,2012-01-01
svido0000166            ,7,123.4163,2012-01-01
svido0000167            ,7,138.8443,2012-01-01
svido0000168            ,7,84.8463,2012-01-01
svido0000169            ,7,200.5563,2012-01-01
svido0000170            ,7,223.6983,2012-01-01
ctoso0000082            ,7,10.0205,2012-01-01
ctoso0000088            ,7,13.8775,2012-01-01
ctoso0000089            ,7,10.7147,2012-01-01
ctoso0000090            ,7,7.7063,2012-01-01
ctoso0000091            ,7,17.6573,2012-01-01
ctoso0000092            ,7,9.7659,2012-01-01
ctoso0000093            ,7,13.8775,2012-01-01
ctoso0000094            ,7,10.7147,2012-01-01
ctoso0000095            ,7,7.7063,2012-01-01
ctoso0000096            ,7,17.6573,2012-01-01
ctoso0000097            ,7,9.7659,2012-01-01
ctoso0000098            ,7,13.8775,2012-01-01
ctoso0000099            ,7,10.7147,2012-01-01
ctoso0000100            ,7,7.7063,2012-01-01
ctoso0000101            ,7,17.6573,2012-01-01
ctoso0000102            ,7,9.7659,2012-01-01
ctoso0000107            ,7,123.4163,2012-01-01
ctoso0000108            ,7,138.8443,2012-01-01
ctoso0000109            ,7,84.8463,2012-01-01
ctoso0000110            ,7,200.5563,2012-01-01
ctoso0000111            ,7,223.6983,2012-01-01
ctoso0000112            ,7,123.4163,2012-01-01
ctoso0000113            ,7,138.8443,2012-01-01
ctoso0000114            ,7,84.8463,2012-01-01
ctoso0000115            ,7,200.5563,2012-01-01
ctoso0000116            ,7,223.6983,2012-01-01
ctoso0000117            ,7,123.4163,2012-01-01
ctoso0000118            ,7,138.8443,2012-01-01
ctoso0000119            ,7,84.8463,2012-01-01
ctoso0000120            ,7,200.5563,2012-01-01
ctoso0000121            ,7,223.6983,2012-01-01
ttoys0000122            ,7,5.3921,2012-01-01
ttoys0000124            ,7,6.9349,2012-01-01
ttoys0000125            ,7,3.8493,2012-01-01
ttoys0000126            ,7,13.0289,2012-01-01
ttoys0000128            ,7,5.3921,2012-01-01
ttoys0000130            ,7,6.9349,2012-01-01
ttoys0000131            ,7,3.8493,2012-01-01
ttoys0000132            ,7,13.0289,2012-01-01
ttoys0000134            ,7,5.3921,2012-01-01
ttoys0000136            ,7,6.9349,2012-01-01
ttoys0000137            ,7,3.8493,2012-01-01
ttoys0000138            ,7,13.0289,2012-01-01
ttoys0000140            ,7,5.3921,2012-01-01
ttoys0000142            ,7,6.9349,2012-01-01
ttoys0000143            ,7,3.8493,2012-01-01
ttoys0000144            ,7,13.0289,2012-01-01
svido0000172            ,7,5.3921,2012-01-01
svido0000174            ,7,6.85,2012-01-01
svido0000175            ,7,3.8416,2012-01-01
svido0000176            ,7,13.1061,2012-01-01
svido0000178            ,7,5.3921,2012-01-01
svido0000180            ,7,6.85,2012-01-01
svido0000181            ,7,3.8416,2012-01-01
svido0000182            ,7,13.1061,2012-01-01
svido0000184            ,7,5.3921,2012-01-01
svido0000186            ,7,6.85,2012-01-01
svido0000187            ,7,3.8416,2012-01-01
svido0000188            ,7,13.1061,2012-01-01
svido0000190            ,7,5.3921,2012-01-01
svido0000192            ,7,6.85,2012-01-01
ttoys0000001            ,7,54.0983,2012-01-01
ttoys0000002            ,7,54.0983,2012-01-01
ttoys0000003            ,7,54.0983,2012-01-01
ttoys0000004            ,7,54.0983,2012-01-01
ttoys0000005            ,7,54.0983,2012-01-01
ttoys0000006            ,7,54.0983,2012-01-01
ttoys0000007            ,7,54.0983,2012-01-01
ttoys0000008            ,7,54.0983,2012-01-01
ttoys0000009            ,7,54.0983,2012-01-01
ttoys0000010            ,7,54.0983,2012-01-01
ttoys0000011            ,7,54.0983,2012-01-01
ttoys0000012            ,7,54.0983,2012-01-01
ttoys0000013            ,7,54.0983,2012-01-01
ttoys0000014            ,7,54.0983,2012-01-01
ttoys0000015            ,7,54.0983,2012-01-01
ttoys0000016            ,7,43.1984,2012-01-01
ttoys0000017            ,7,43.1984,2012-01-01
ttoys0000018            ,7,43.1984,2012-01-01
ttoys0000021            ,7,43.1984,2012-01-01
ttoys0000022            ,7,61.5577,2012-01-01
ttoys0000024            ,7,59.9224,2012-01-01
ttoys0000025            ,7,55.8879,2012-01-01
ttoys0000026            ,7,55.8879,2012-01-01
ttoys0000027            ,7,17.5787,2012-01-01
ttoys0000028            ,7,21.5992,2012-01-01
ttoys0000029            ,7,21.5992,2012-01-01
ttoys0000030            ,7,21.5992,2012-01-01
ttoys0000031            ,7,21.5992,2012-01-01
ttoys0000034            ,7,21.5992,2012-01-01
ttoys0000035            ,7,21.5992,2012-01-01
ttoys0000036            ,7,21.5992,2012-01-01
ttoys0000037            ,7,21.5992,2012-01-01
ttoys0000038            ,7,21.5992,2012-01-01
ttoys0000039            ,7,84.0826,2012-01-01
ttoys0000040            ,7,84.0826,2012-01-01
ttoys0000041            ,7,84.0826,2012-01-01
ttoys0000042            ,7,84.0826,2012-01-01
ttoys0000043            ,7,84.0826,2012-01-01
ttoys0000044            ,7,84.0826,2012-01-01
ttoys0000045            ,7,84.0826,2012-01-01
ttoys0000046            ,7,68.6546,2012-01-01
ttoys0000047            ,7,68.6546,2012-01-01
ttoys0000048            ,7,68.6546,2012-01-01
ttoys0000049            ,7,50.0639,2012-01-01
ttoys0000050            ,7,50.0639,2012-01-01
ttoys0000051            ,7,43.1213,2012-01-01
ttoys0000052            ,7,38.9866,2012-01-01
ttoys0000053            ,7,80.9121,2012-01-01
ttoys0000054            ,7,73.1287,2012-01-01
ttoys0000055            ,7,56.613,2012-01-01
ttoys0000056            ,7,24.2142,2012-01-01
ttoys0000057            ,7,76.9471,2012-01-01
ttoys0000063            ,7,26.2276,2012-01-01
ttoys0000064            ,7,26.2276,2012-01-01
ttoys0000065            ,7,26.2276,2012-01-01
ttoys0000066            ,7,26.2276,2012-01-01
ttoys0000067            ,7,33.1702,2012-01-01
ttoys0000068            ,7,33.1702,2012-01-01
ttoys0000069            ,7,33.1702,2012-01-01
ttoys0000074            ,7,33.1702,2012-01-01
ttoys0000076            ,7,33.1702,2012-01-01
ttoys0000077            ,7,33.1702,2012-01-01
ttoys0000078            ,7,33.1702,2012-01-01
ttoys0000079            ,7,33.1702,2012-01-01
ttoys0000080            ,7,33.1702,2012-01-01
ttoys0000081            ,7,33.1702,2012-01-01
ttoys0000082            ,7,33.1702,2012-01-01
ttoys0000083            ,7,33.1702,2012-01-01
ttoys0000084            ,7,33.1702,2012-01-01
ttoys0000085            ,7,33.1702,2012-01-01
ttoys0000086            ,7,33.1702,2012-01-01
ttoys0000087            ,7,33.1702,2012-01-01
ttoys0000090            ,7,33.1702,2012-01-01
ttoys0000091            ,7,33.1702,2012-01-01
ttoys0000092            ,7,33.1702,2012-01-01
ttoys0000093            ,7,20.0564,2012-01-01
ttoys0000095            ,7,24.6848,2012-01-01
ttoys0000096            ,7,24.6848,2012-01-01
ttoys0000097            ,7,24.6848,2012-01-01
ttoys0000098            ,7,24.6848,2012-01-01
ttoys0000099            ,7,24.6848,2012-01-01
ttoys0000100            ,7,24.6848,2012-01-01
ttoys0000101            ,7,24.6848,2012-01-01
ttoys0000102            ,7,24.6848,2012-01-01
ttoys0000103            ,7,24.6848,2012-01-01
ttoys0000108            ,7,24.6848,2012-01-01
ttoys0000110            ,7,24.6848,2012-01-01
ttoys0000111            ,7,24.6848,2012-01-01
ttoys0000112            ,7,24.6848,2012-01-01
ttoys0000113            ,7,24.6848,2012-01-01
ttoys0000114            ,7,24.6848,2012-01-01
ttoys0000115            ,7,24.6848,2012-01-01
ttoys0000116            ,7,24.6848,2012-01-01
ttoys0000118            ,7,24.6848,2012-01-01
ttoys0000119            ,7,24.6848,2012-01-01
ttoys0000120            ,7,24.6848,2012-01-01
litwr0000003            ,7,1402.4052,2012-01-01
litwr0000004            ,7,1233.4686,2012-01-01
litwr0000005            ,7,770.6286,2012-01-01
litwr0000008            ,7,1402.4052,2012-01-01
litwr0000009            ,7,1233.4686,2012-01-01
litwr0000010            ,7,770.6286,2012-01-01
litwr0000013            ,7,1402.4052,2012-01-01
litwr0000014            ,7,1233.4686,2012-01-01
litwr0000015            ,7,770.6286,2012-01-01
litwr0000018            ,7,1402.4052,2012-01-01
litwr0000019            ,7,1233.4686,2012-01-01
litwr0000020            ,7,770.6286,2012-01-01
ntrad0000028            ,7,2046.4471,2012-01-01
ntrad0000030            ,7,1403.0995,2012-01-01
ntrad0000031            ,7,1234.1629,2012-01-01
ntrad0000032            ,7,771.3229,2012-01-01
ntrad0000033            ,7,2046.4471,2012-01-01
ntrad0000035            ,7,1403.0995,2012-01-01
ntrad0000036            ,7,1234.1629,2012-01-01
ntrad0000037            ,7,771.3229,2012-01-01
ntrad0000038            ,7,2046.4471,2012-01-01
ntrad0000040            ,7,1403.0995,2012-01-01
ntrad0000041            ,7,1234.1629,2012-01-01
ntrad0000042            ,7,771.3229,2012-01-01
ntrad0000043            ,7,2046.4471,2012-01-01
ntrad0000045            ,7,1403.0995,2012-01-01
ntrad0000046            ,7,1234.1629,2012-01-01
ntrad0000047            ,7,771.3229,2012-01-01
ctoso0000124            ,7,1402.4052,2012-01-01
ctoso0000125            ,7,1233.4686,2012-01-01
ctoso0000126            ,7,770.6286,2012-01-01
ctoso0000129            ,7,1402.4052,2012-01-01
ctoso0000130            ,7,1233.4686,2012-01-01
ctoso0000131            ,7,770.6286,2012-01-01
ctoso0000134            ,7,1402.4052,2012-01-01
ctoso0000135            ,7,1233.4686,2012-01-01
ctoso0000136            ,7,770.6286,2012-01-01
ctoso0000139            ,7,1402.4052,2012-01-01
ctoso0000140            ,7,1233.4686,2012-01-01
ctoso0000141            ,7,770.6286,2012-01-01
ctoso0000144            ,7,1402.4052,2012-01-01
ctoso0000145            ,7,1233.4686,2012-01-01
ctoso0000146            ,7,770.6286,2012-01-01
ctoso0000149            ,7,1402.4052,2012-01-01
ctoso0000150            ,7,1233.4686,2012-01-01
ctoso0000151            ,7,770.6286,2012-01-01
fabrk0000202            ,7,380.3002,2012-01-01
fabrk0000203            ,7,231.4123,2012-01-01
fabrk0000204            ,7,215.9843,2012-01-01
fabrk0000205            ,7,100.2743,2012-01-01
fabrk0000208            ,7,380.3002,2012-01-01
fabrk0000209            ,7,231.4123,2012-01-01
fabrk0000210            ,7,215.9843,2012-01-01
fabrk0000211            ,7,100.2743,2012-01-01
fabrk0000214            ,7,380.3002,2012-01-01
fabrk0000215            ,7,231.4123,2012-01-01
fabrk0000216            ,7,215.9843,2012-01-01
fabrk0000217            ,7,100.2743,2012-01-01
fabrk0000220            ,7,380.3002,2012-01-01
fabrk0000221            ,7,231.4123,2012-01-01
fabrk0000222            ,7,215.9843,2012-01-01
fabrk0000223            ,7,100.2743,2012-01-01
fabrk0000226            ,7,380.3002,2012-01-01
fabrk0000227            ,7,231.4123,2012-01-01
fabrk0000228            ,7,215.9843,2012-01-01
fabrk0000229            ,7,100.2743,2012-01-01
fabrk0000232            ,7,380.3002,2012-01-01
fabrk0000233            ,7,231.4123,2012-01-01
fabrk0000234            ,7,215.9843,2012-01-01
fabrk0000235            ,7,100.2743,2012-01-01
fabrk0000238            ,7,380.3002,2012-01-01
fabrk0000239            ,7,231.4123,2012-01-01
fabrk0000240            ,7,215.9843,2012-01-01
fabrk0000241            ,7,100.2743,2012-01-01
litwr0000139            ,7,380.3002,2012-01-01
litwr0000140            ,7,231.4123,2012-01-01
litwr0000141            ,7,215.9843,2012-01-01
litwr0000142            ,7,100.2743,2012-01-01
litwr0000145            ,7,380.3002,2012-01-01
litwr0000146            ,7,231.4123,2012-01-01
litwr0000147            ,7,215.9843,2012-01-01
litwr0000148            ,7,100.2743,2012-01-01
litwr0000151            ,7,380.3002,2012-01-01
litwr0000152            ,7,231.4123,2012-01-01
litwr0000153            ,7,215.9843,2012-01-01
litwr0000154            ,7,100.2743,2012-01-01
litwr0000157            ,7,380.3002,2012-01-01
litwr0000158            ,7,231.4123,2012-01-01
litwr0000159            ,7,215.9843,2012-01-01
litwr0000160            ,7,100.2743,2012-01-01
litwr0000163            ,7,380.3002,2012-01-01
litwr0000164            ,7,231.4123,2012-01-01
litwr0000165            ,7,215.9843,2012-01-01
litwr0000166            ,7,100.2743,2012-01-01
litwr0000169            ,7,380.3002,2012-01-01
litwr0000170            ,7,231.4123,2012-01-01
litwr0000171            ,7,215.9843,2012-01-01
litwr0000172            ,7,100.2743,2012-01-01
litwr0000175            ,7,380.3002,2012-01-01
litwr0000176            ,7,231.4123,2012-01-01
litwr0000177            ,7,215.9843,2012-01-01
litwr0000178            ,7,100.2743,2012-01-01
litwr0000180            ,7,380.3002,2012-01-01
fabrk0000166            ,7,138.8443,2012-01-01
fabrk0000167            ,7,107.9883,2012-01-01
fabrk0000168            ,7,77.1323,2012-01-01
fabrk0000169            ,7,73.2753,2012-01-01
fabrk0000172            ,7,138.8443,2012-01-01
fabrk0000173            ,7,107.9883,2012-01-01
fabrk0000174            ,7,77.1323,2012-01-01
fabrk0000175            ,7,73.2753,2012-01-01
fabrk0000178            ,7,138.8443,2012-01-01
fabrk0000179            ,7,107.9883,2012-01-01
fabrk0000180            ,7,77.1323,2012-01-01
fabrk0000181            ,7,73.2753,2012-01-01
fabrk0000184            ,7,138.8443,2012-01-01
fabrk0000185            ,7,107.9883,2012-01-01
fabrk0000186            ,7,77.1323,2012-01-01
fabrk0000187            ,7,73.2753,2012-01-01
fabrk0000190            ,7,138.8443,2012-01-01
fabrk0000191            ,7,107.9883,2012-01-01
fabrk0000192            ,7,77.1323,2012-01-01
fabrk0000193            ,7,73.2753,2012-01-01
fabrk0000196            ,7,138.8443,2012-01-01
fabrk0000197            ,7,107.9883,2012-01-01
fabrk0000198            ,7,77.1323,2012-01-01
fabrk0000199            ,7,73.2753,2012-01-01
litwr0000181            ,7,513.7061,2012-01-01
litwr0000183            ,7,138.8443,2012-01-01
litwr0000184            ,7,107.9883,2012-01-01
litwr0000185            ,7,77.1323,2012-01-01
litwr0000186            ,7,73.2753,2012-01-01
litwr0000187            ,7,513.7061,2012-01-01
litwr0000189            ,7,138.8443,2012-01-01
litwr0000190            ,7,107.9883,2012-01-01
litwr0000191            ,7,77.1323,2012-01-01
litwr0000192            ,7,73.2753,2012-01-01
litwr0000193            ,7,513.7061,2012-01-01
litwr0000195            ,7,138.8443,2012-01-01
litwr0000196            ,7,107.9883,2012-01-01
litwr0000197            ,7,77.1323,2012-01-01
litwr0000198            ,7,73.2753,2012-01-01
litwr0000199            ,7,513.7061,2012-01-01
litwr0000201            ,7,138.8443,2012-01-01
litwr0000202            ,7,107.9883,2012-01-01
litwr0000203            ,7,77.1323,2012-01-01
litwr0000204            ,7,73.2753,2012-01-01
litwr0000205            ,7,513.7061,2012-01-01
litwr0000207            ,7,138.8443,2012-01-01
litwr0000208            ,7,107.9883,2012-01-01
litwr0000209            ,7,77.1323,2012-01-01
litwr0000210            ,7,73.2753,2012-01-01
litwr0000211            ,7,513.7061,2012-01-01
litwr0000213            ,7,138.8443,2012-01-01
litwr0000214            ,7,107.9883,2012-01-01
litwr0000215            ,7,77.1323,2012-01-01
litwr0000216            ,7,73.2753,2012-01-01
ctoso0000154            ,7,138.8443,2012-01-01
ctoso0000155            ,7,107.9883,2012-01-01
ctoso0000156            ,7,77.1323,2012-01-01
ctoso0000157            ,7,73.2753,2012-01-01
ctoso0000160            ,7,138.8443,2012-01-01
ctoso0000161            ,7,107.9883,2012-01-01
ctoso0000162            ,7,77.1323,2012-01-01
ctoso0000163            ,7,73.2753,2012-01-01
ctoso0000166            ,7,138.8443,2012-01-01
ctoso0000167            ,7,107.9883,2012-01-01
ctoso0000168            ,7,77.1323,2012-01-01
ctoso0000169            ,7,73.2753,2012-01-01
ctoso0000172            ,7,138.8443,2012-01-01
ctoso0000173            ,7,107.9883,2012-01-01
ctoso0000174            ,7,77.1323,2012-01-01
ctoso0000175            ,7,73.2753,2012-01-01
ctoso0000178            ,7,138.8443,2012-01-01
ctoso0000179            ,7,107.9883,2012-01-01
ctoso0000180            ,7,77.1323,2012-01-01
ctoso0000181            ,7,73.2753,2012-01-01
ctoso0000182            ,7,1137.815,2012-01-01
ctoso0000184            ,7,610.1774,2012-01-01
ctoso0000185            ,7,391.8712,2012-01-01
ctoso0000186            ,7,198.6355,2012-01-01
ctoso0000187            ,7,1137.815,2012-01-01
ctoso0000189            ,7,610.1774,2012-01-01
ctoso0000190            ,7,391.8712,2012-01-01
ctoso0000191            ,7,198.6355,2012-01-01
ctoso0000192            ,7,1137.815,2012-01-01
ctoso0000194            ,7,610.1774,2012-01-01
ctoso0000195            ,7,391.8712,2012-01-01
ctoso0000196            ,7,198.6355,2012-01-01
ctoso0000197            ,7,1137.815,2012-01-01
ctoso0000199            ,7,610.1774,2012-01-01
ctoso0000200            ,7,391.8712,2012-01-01
ctoso0000201            ,7,198.6355,2012-01-01
ctoso0000202            ,7,1137.815,2012-01-01
ctoso0000204            ,7,610.1774,2012-01-01
ctoso0000205            ,7,391.8712,2012-01-01
ctoso0000206            ,7,198.6355,2012-01-01
ctoso0000207            ,7,1137.815,2012-01-01
ctoso0000209            ,7,610.1774,2012-01-01
ctoso0000210            ,7,391.8712,2012-01-01
ctoso0000211            ,7,198.6355,2012-01-01
ctoso0000215            ,7,343.273,2012-01-01
ctoso0000216            ,7,125.7382,2012-01-01
ctoso0000217            ,7,114.9386,2012-01-01
ctoso0000218            ,7,100.2049,2012-01-01
ctoso0000221            ,7,343.273,2012-01-01
ctoso0000222            ,7,125.7382,2012-01-01
ctoso0000223            ,7,114.9386,2012-01-01
ctoso0000224            ,7,100.2049,2012-01-01
ctoso0000227            ,7,343.273,2012-01-01
ctoso0000228            ,7,125.7382,2012-01-01
ctoso0000229            ,7,114.9386,2012-01-01
ctoso0000230            ,7,100.2049,2012-01-01
ctoso0000233            ,7,343.273,2012-01-01
ctoso0000234            ,7,125.7382,2012-01-01
ctoso0000235            ,7,114.9386,2012-01-01
ctoso0000236            ,7,100.2049,2012-01-01
advwk0000131            ,7,343.273,2012-01-01
advwk0000132            ,7,125.7382,2012-01-01
advwk0000133            ,7,114.9386,2012-01-01
advwk0000134            ,7,100.2049,2012-01-01
advwk0000137            ,7,343.273,2012-01-01
advwk0000138            ,7,125.7382,2012-01-01
advwk0000139            ,7,114.9386,2012-01-01
advwk0000140            ,7,100.2049,2012-01-01
advwk0000143            ,7,343.273,2012-01-01
advwk0000144            ,7,125.7382,2012-01-01
advwk0000145            ,7,114.9386,2012-01-01
advwk0000146            ,7,100.2049,2012-01-01
advwk0000149            ,7,343.273,2012-01-01
advwk0000150            ,7,125.7382,2012-01-01
advwk0000151            ,7,114.9386,2012-01-01
advwk0000152            ,7,100.2049,2012-01-01
fabrk0000244            ,7,343.273,2012-01-01
fabrk0000245            ,7,125.7382,2012-01-01
fabrk0000246            ,7,114.9386,2012-01-01
fabrk0000247            ,7,100.2049,2012-01-01
fabrk0000250            ,7,343.273,2012-01-01
fabrk0000251            ,7,125.7382,2012-01-01
fabrk0000252            ,7,114.9386,2012-01-01
fabrk0000253            ,7,100.2049,2012-01-01
fabrk0000256            ,7,343.273,2012-01-01
fabrk0000257            ,7,125.7382,2012-01-01
fabrk0000258            ,7,114.9386,2012-01-01
fabrk0000259            ,7,100.2049,2012-01-01
fabrk0000262            ,7,343.273,2012-01-01
fabrk0000263            ,7,125.7382,2012-01-01
fabrk0000264            ,7,114.9386,2012-01-01
fabrk0000265            ,7,100.2049,2012-01-01
fabrk0000266            ,7,343.273,2012-01-01
fabrk0000267            ,7,125.7382,2012-01-01
advwk0000156            ,7,177.4143,2012-01-01
advwk0000157            ,7,92.5603,2012-01-01
advwk0000158            ,7,78.6751,2012-01-01
advwk0000159            ,7,61.6734,2012-01-01
advwk0000160            ,7,23.1343,2012-01-01
advwk0000161            ,7,490.6027,2012-01-01
advwk0000164            ,7,177.4143,2012-01-01
advwk0000165            ,7,92.5603,2012-01-01
advwk0000166            ,7,78.6751,2012-01-01
advwk0000167            ,7,61.6734,2012-01-01
advwk0000168            ,7,23.1343,2012-01-01
advwk0000169            ,7,490.6027,2012-01-01
advwk0000172            ,7,177.4143,2012-01-01
advwk0000173            ,7,92.5603,2012-01-01
advwk0000174            ,7,78.6751,2012-01-01
advwk0000175            ,7,61.6734,2012-01-01
advwk0000176            ,7,23.1343,2012-01-01
advwk0000177            ,7,490.6027,2012-01-01
advwk0000180            ,7,177.4143,2012-01-01
advwk0000181            ,7,92.5603,2012-01-01
advwk0000182            ,7,78.6751,2012-01-01
advwk0000183            ,7,61.6734,2012-01-01
advwk0000184            ,7,23.1343,2012-01-01
advwk0000185            ,7,490.6027,2012-01-01
advwk0000188            ,7,177.4143,2012-01-01
advwk0000189            ,7,92.5603,2012-01-01
advwk0000190            ,7,78.6751,2012-01-01
advwk0000191            ,7,61.6734,2012-01-01
advwk0000192            ,7,23.1343,2012-01-01
wwim 0000134            ,7,490.6027,2012-01-01
wwim 0000137            ,7,177.4143,2012-01-01
wwim 0000138            ,7,92.5603,2012-01-01
wwim 0000139            ,7,78.6751,2012-01-01
wwim 0000140            ,7,61.6734,2012-01-01
wwim 0000141            ,7,23.1343,2012-01-01
wwim 0000142            ,7,490.6027,2012-01-01
wwim 0000145            ,7,177.4143,2012-01-01
wwim 0000146            ,7,92.5603,2012-01-01
wwim 0000147            ,7,78.6751,2012-01-01
wwim 0000148            ,7,61.6734,2012-01-01
wwim 0000149            ,7,23.1343,2012-01-01
wwim 0000150            ,7,490.6027,2012-01-01
wwim 0000153            ,7,177.4143,2012-01-01
wwim 0000154            ,7,92.5603,2012-01-01
wwim 0000155            ,7,78.6751,2012-01-01
wwim 0000156            ,7,61.6734,2012-01-01
wwim 0000157            ,7,23.1343,2012-01-01
wwim 0000158            ,7,490.6027,2012-01-01
wwim 0000161            ,7,177.4143,2012-01-01
wwim 0000162            ,7,92.5603,2012-01-01
wwim 0000163            ,7,78.6751,2012-01-01
wwim 0000164            ,7,61.6734,2012-01-01
wwim 0000165            ,7,23.1343,2012-01-01
wwim 0000166            ,7,490.6027,2012-01-01
wwim 0000169            ,7,177.4143,2012-01-01
wwim 0000170            ,7,92.5603,2012-01-01
wwim 0000171            ,7,78.6751,2012-01-01
wwim 0000172            ,7,61.6734,2012-01-01
wwim 0000173            ,7,23.1343,2012-01-01
pware0000004            ,7,177.4143,2012-01-01
pware0000005            ,7,92.5603,2012-01-01
pware0000006            ,7,78.6751,2012-01-01
pware0000007            ,7,61.6734,2012-01-01
pware0000008            ,7,23.1343,2012-01-01
pware0000012            ,7,177.4143,2012-01-01
pware0000013            ,7,92.5603,2012-01-01
pware0000014            ,7,78.6751,2012-01-01
pware0000015            ,7,61.6734,2012-01-01
pware0000016            ,7,23.1343,2012-01-01
pware0000020            ,7,177.4143,2012-01-01
pware0000021            ,7,92.5603,2012-01-01
pware0000022            ,7,78.6751,2012-01-01
pware0000023            ,7,61.6734,2012-01-01
pware0000024            ,7,23.1343,2012-01-01
pware0000028            ,7,177.4143,2012-01-01
pware0000029            ,7,92.5603,2012-01-01
pware0000030            ,7,78.6751,2012-01-01
pware0000031            ,7,61.6734,2012-01-01
pware0000032            ,7,23.1343,2012-01-01
pware0000036            ,7,177.4143,2012-01-01
pware0000037            ,7,92.5603,2012-01-01
pware0000038            ,7,78.6751,2012-01-01
pware0000039            ,7,61.6734,2012-01-01
pware0000040            ,7,23.1343,2012-01-01
litwr0000024            ,7,177.4143,2012-01-01
litwr0000025            ,7,92.5603,2012-01-01
litwr0000026            ,7,78.6751,2012-01-01
litwr0000027            ,7,61.6734,2012-01-01
litwr0000028            ,7,23.1343,2012-01-01
litwr0000032            ,7,177.4143,2012-01-01
litwr0000033            ,7,92.5603,2012-01-01
litwr0000034            ,7,78.6751,2012-01-01
litwr0000035            ,7,61.6734,2012-01-01
litwr0000036            ,7,23.1343,2012-01-01
litwr0000040            ,7,177.4143,2012-01-01
litwr0000041            ,7,92.5603,2012-01-01
litwr0000042            ,7,78.6751,2012-01-01
litwr0000043            ,7,61.6734,2012-01-01
litwr0000044            ,7,23.1343,2012-01-01
litwr0000048            ,7,177.4143,2012-01-01
litwr0000049            ,7,92.5603,2012-01-01
litwr0000050            ,7,78.6751,2012-01-01
litwr0000051            ,7,61.6734,2012-01-01
litwr0000052            ,7,23.1343,2012-01-01
litwr0000056            ,7,177.4143,2012-01-01
litwr0000057            ,7,92.5603,2012-01-01
litwr0000058            ,7,78.6751,2012-01-01
ctoso0000001            ,7,490.6027,2012-01-01
ctoso0000004            ,7,308.5523,2012-01-01
ctoso0000005            ,7,231.4123,2012-01-01
ctoso0000006            ,7,154.2723,2012-01-01
ctoso0000007            ,7,84.8463,2012-01-01
ctoso0000008            ,7,490.6027,2012-01-01
ctoso0000011            ,7,308.5523,2012-01-01
ctoso0000012            ,7,231.4123,2012-01-01
ctoso0000013            ,7,154.2723,2012-01-01
ctoso0000014            ,7,84.8463,2012-01-01
ctoso0000015            ,7,490.6027,2012-01-01
ctoso0000018            ,7,308.5523,2012-01-01
ctoso0000019            ,7,231.4123,2012-01-01
ctoso0000020            ,7,154.2723,2012-01-01
ctoso0000021            ,7,84.8463,2012-01-01
ctoso0000022            ,7,490.6027,2012-01-01
ctoso0000025            ,7,308.5523,2012-01-01
ctoso0000026            ,7,231.4123,2012-01-01
ctoso0000027            ,7,154.2723,2012-01-01
ctoso0000028            ,7,84.8463,2012-01-01
ctoso0000029            ,7,490.6027,2012-01-01
ctoso0000032            ,7,308.5523,2012-01-01
ctoso0000033            ,7,231.4123,2012-01-01
ctoso0000034            ,7,154.2723,2012-01-01
ctoso0000035            ,7,84.8463,2012-01-01
pware0000056            ,7,308.5523,2012-01-01
pware0000057            ,7,231.4123,2012-01-01
pware0000058            ,7,154.2723,2012-01-01
pware0000059            ,7,84.8463,2012-01-01
pware0000063            ,7,308.5523,2012-01-01
pware0000064            ,7,231.4123,2012-01-01
pware0000065            ,7,154.2723,2012-01-01
pware0000066            ,7,84.8463,2012-01-01
pware0000070            ,7,308.5523,2012-01-01
pware0000071            ,7,231.4123,2012-01-01
pware0000072            ,7,154.2723,2012-01-01
pware0000073            ,7,84.8463,2012-01-01
pware0000077            ,7,308.5523,2012-01-01
pware0000078            ,7,231.4123,2012-01-01
pware0000079            ,7,154.2723,2012-01-01
litwr0000059            ,7,23.1343,2012-01-01
litwr0000060            ,7,23.1343,2012-01-01
litwr0000061            ,7,23.1343,2012-01-01
litwr0000062            ,7,28.4107,2012-01-01
litwr0000063            ,7,28.4107,2012-01-01
litwr0000064            ,7,28.4107,2012-01-01
litwr0000065            ,7,57.0759,2012-01-01
litwr0000066            ,7,57.0759,2012-01-01
litwr0000067            ,7,57.0759,2012-01-01
litwr0000076            ,7,25.3713,2012-01-01
litwr0000077            ,7,25.3713,2012-01-01
litwr0000078            ,7,25.3713,2012-01-01
litwr0000079            ,7,25.3713,2012-01-01
litwr0000084            ,7,34.7053,2012-01-01
litwr0000085            ,7,34.7053,2012-01-01
litwr0000086            ,7,34.7053,2012-01-01
litwr0000087            ,7,34.7053,2012-01-01
litwr0000088            ,7,7.7063,2012-01-01
litwr0000089            ,7,7.7063,2012-01-01
litwr0000090            ,7,7.7063,2012-01-01
litwr0000091            ,7,7.7063,2012-01-01
litwr0000092            ,7,3.8493,2012-01-01
litwr0000093            ,7,3.8493,2012-01-01
litwr0000094            ,7,3.8493,2012-01-01
litwr0000095            ,7,3.8493,2012-01-01
litwr0000096            ,7,11.5633,2012-01-01
litwr0000097            ,7,11.5633,2012-01-01
litwr0000098            ,7,11.5633,2012-01-01
litwr0000099            ,7,11.5633,2012-01-01
litwr0000112            ,7,23.142,2012-01-01
litwr0000113            ,7,23.142,2012-01-01
litwr0000114            ,7,23.142,2012-01-01
litwr0000115            ,7,23.142,2012-01-01
litwr0000116            ,7,23.9057,2012-01-01
litwr0000117            ,7,23.9057,2012-01-01
litwr0000118            ,7,23.9057,2012-01-01
litwr0000119            ,7,23.9057,2012-01-01
litwr0000120            ,7,23.9057,2012-01-01
ctoso0000036            ,7,11.5633,2012-01-01
ctoso0000037            ,7,11.5633,2012-01-01
ctoso0000038            ,7,11.5633,2012-01-01
ctoso0000039            ,7,19.2773,2012-01-01
ctoso0000040            ,7,19.2773,2012-01-01
ctoso0000041            ,7,19.2773,2012-01-01
ctoso0000042            ,7,2.2679,2012-01-01
ctoso0000050            ,7,7.7063,2012-01-01
ctoso0000051            ,7,7.7063,2012-01-01
ctoso0000052            ,7,7.7063,2012-01-01
ctoso0000053            ,7,7.7063,2012-01-01
ctoso0000054            ,7,3.6564,2012-01-01
ctoso0000055            ,7,3.6564,2012-01-01
ctoso0000056            ,7,3.6564,2012-01-01
ctoso0000057            ,7,3.1319,2012-01-01
ctoso0000058            ,7,3.1319,2012-01-01
ctoso0000059            ,7,3.1319,2012-01-01
ctoso0000063            ,7,2.5842,2012-01-01
ctoso0000064            ,7,2.5842,2012-01-01
ctoso0000065            ,7,2.5842,2012-01-01
